RANK THIS WEEK,RANK LAST WEEK,PLAYER NAME,ROUNDS,AVG DTP,TOTAL DISTANCE (FEET),# OF SHOTS,SCRAMBLING RANK,YEAR
1,,Wesley Bryan,69,4.833333333,6.962,120,53,Y2018
2,,Tiger Woods,68,5,7.348,123,4,Y2018
3,,Kevin Na,91,5.083333333,10.307,170,8,Y2018
4,,Jamie Lovemark,92,5.416666667,12.387,192,40,Y2018
T5,,Tyrrell Hatton,58,5.583333333,5.52,83,21,Y2018
T5,,Webb Simpson,95,5.583333333,9.584,142,1,Y2018
T5,,Justin Thomas,91,5.583333333,10.977,164,24,Y2018
T8,,Martin Laird,73,5.666666667,11.285,165,73,Y2018
T8,,Ryan Moore,78,5.666666667,10.421,154,4,Y2018
T8,,Rob Oppenheim,74,5.666666667,7.923,116,68,Y2018
T11,,Bud Cauley,55,5.75,6.698,97,56,Y2018
T11,,Tony Finau,105,5.75,11.281,164,119,Y2018
T11,,Jim Furyk,50,5.75,6.125,89,21,Y2018
T11,,Jordan Spieth,81,5.75,9.666,140,31,Y2018
T15,,Nate Lashley,51,5.833333333,4.744,68,49,Y2018
T15,,Danny Lee,88,5.833333333,11.125,158,46,Y2018
T15,,Kevin Streelman,94,5.833333333,12.237,176,43,Y2018
T18,,Zach Johnson,94,5.916666667,10.829,153,25,Y2018
T18,,Matt Jones,70,5.916666667,7.837,111,54,Y2018
T18,,Brooks Koepka,64,5.916666667,8.741,123,12,Y2018
T21,,Ricky Barnes,65,6,7.76,108,115,Y2018
T21,,J.B. Holmes,77,6,11.053,153,122,Y2018
T21,,Stephan Jaeger,81,6,9.415,130,133,Y2018
T24,,Lucas Glover,65,6.083333333,7.823,107,64,Y2018
T24,,Bill Haas,76,6.083333333,11.723,160,51,Y2018
T24,,Si Woo Kim,108,6.083333333,13.031,178,118,Y2018
T24,,William McGirt,84,6.083333333,11.961,164,19,Y2018
T28,,Zac Blair,64,6.166666667,7.849,106,33,Y2018
T28,,Joel Dahmen,93,6.166666667,10.759,145,11,Y2018
T28,,Chris Kirk,108,6.166666667,13.685,186,10,Y2018
T28,,"Ted Potter, Jr.",87,6.166666667,14.255,192,113,Y2018
T28,,Charl Schwartzel,65,6.166666667,7.394,100,101,Y2018
T33,,Kiradech Aphibarnrat,51,6.25,5.189,69,157,Y2018
T33,,Ryan Armour,109,6.25,14.31,192,55,Y2018
T33,,Aaron Baddeley,84,6.25,12.872,171,39,Y2018
T33,,Harris English,84,6.25,13.119,174,103,Y2018
T33,,Rickie Fowler,74,6.25,7.991,107,14,Y2018
T33,,Brice Garnett,99,6.25,13.521,180,83,Y2018
T33,,Russell Knox,94,6.25,12.991,174,70,Y2018
T33,,Jason Kokrak,99,6.25,15,200,162,Y2018
T33,,Matt Kuchar,88,6.25,10.068,135,9,Y2018
T33,,Hideki Matsuyama,75,6.25,10.379,139,47,Y2018
T33,,Andrew Putnam,97,6.25,11.353,152,32,Y2018
T44,,Blayne Barber,69,6.333333333,8.539,112,114,Y2018
T44,,Tyler Duncan,97,6.333333333,12.905,170,186,Y2018
T44,,Justin Rose,70,6.333333333,7.285,96,15,Y2018
T44,,Kevin Tway,110,6.333333333,16.73,220,132,Y2018
T48,,Keegan Bradley,98,6.416666667,12.613,164,131,Y2018
T48,,Alex Cejka,77,6.416666667,9.608,125,6,Y2018
T48,,Stewart Cink,87,6.416666667,9.442,123,152,Y2018
T48,,Jason Day,75,6.416666667,8.508,110,25,Y2018
T48,,Dustin Johnson,77,6.416666667,10.732,140,23,Y2018
T48,,David Lingmerth,82,6.416666667,12.129,158,86,Y2018
T48,,Patrick Reed,94,6.416666667,10.362,134,18,Y2018
T55,,Ryan Blaum,81,6.5,13.652,174,158,Y2018
T55,,J.J. Henry,81,6.5,10.312,133,171,Y2018
T55,,Grayson Murray,72,6.5,11.015,141,176,Y2018
T55,,Ollie Schniederjans,91,6.5,13.6,174,126,Y2018
T55,,Adam Scott,78,6.5,9.087,117,168,Y2018
T55,,Cameron Smith,85,6.5,12.394,159,38,Y2018
T55,,Harold Varner III,91,6.5,12.573,162,96,Y2018
T62,,Marc Leishman,93,6.583333333,14.811,187,75,Y2018
T62,,Xander Schauffele,96,6.583333333,13.884,176,104,Y2018
T62,,Chris Stroud,81,6.583333333,12.184,154,60,Y2018
T62,,Richy Werenski,98,6.583333333,13.895,177,138,Y2018
T66,,Jonathan Byrd,70,6.666666667,8.354,105,93,Y2018
T66,,Paul Casey,74,6.666666667,11.133,140,50,Y2018
T66,,Charley Hoffman,87,6.666666667,12.743,160,143,Y2018
T66,,Ryan Palmer,69,6.666666667,10.7,134,159,Y2018
T66,,Jon Rahm,71,6.666666667,7.033,88,121,Y2018
T66,,Nick Taylor,94,6.666666667,15.584,194,29,Y2018
T66,,Cameron Tringale,67,6.666666667,8.183,102,160,Y2018
T73,,Chad Campbell,87,6.75,11.855,147,71,Y2018
T73,,Matt Every,79,6.75,11.54,142,188,Y2018
T73,,Brian Gay,103,6.75,19.176,237,13,Y2018
T73,,James Hahn,85,6.75,12.486,155,67,Y2018
T73,,Tom Hoge,101,6.75,16.032,197,34,Y2018
T73,,Luke List,98,6.75,13.985,173,90,Y2018
T73,,Francesco Molinari,73,6.75,11.491,142,82,Y2018
T73,,Peter Uihlein,83,6.75,12.446,153,102,Y2018
T81,,Dominic Bozzelli,65,6.833333333,13.767,167,78,Y2018
T81,,Patrick Cantlay,87,6.833333333,12.237,149,109,Y2018
T81,,Brian Harman,94,6.833333333,14.947,182,126,Y2018
T81,,John Huh,94,6.833333333,17.522,213,100,Y2018
T81,,Billy Hurley III,70,6.833333333,11.658,142,164,Y2018
T81,,Nicholas Lindheim,77,6.833333333,10.63,129,180,Y2018
T81,,Ben Martin,64,6.833333333,12.989,159,81,Y2018
T81,,Rory McIlroy,64,6.833333333,7.997,98,17,Y2018
T81,,Phil Mickelson,90,6.833333333,11.74,144,91,Y2018
T81,,Keith Mitchell,99,6.833333333,16.435,200,137,Y2018
T81,,Louis Oosthuizen,62,6.833333333,6.269,76,3,Y2018
T81,,C.T. Pan,104,6.833333333,14.646,179,128,Y2018
T81,,Ian Poulter,73,6.833333333,9.814,120,123,Y2018
T81,,Jimmy Walker,81,6.833333333,12.358,150,74,Y2018
T95,,Byeong Hun An,86,6.916666667,14.98,180,37,Y2018
T95,,Bryson DeChambeau,93,6.916666667,13.8,167,63,Y2018
T95,,Jason Dufner,71,6.916666667,9.78,118,94,Y2018
T95,,Martin Flores,92,6.916666667,12.074,145,165,Y2018
T95,,Kelly Kraft,94,6.916666667,15.053,182,77,Y2018
T95,,Patrick Rodgers,97,6.916666667,14.885,180,119,Y2018
T95,,Rory Sabbatini,91,6.916666667,12.698,153,35,Y2018
T95,,Brandt Snedeker,84,6.916666667,12.805,154,57,Y2018
T95,,Henrik Stenson,60,6.916666667,8.025,97,48,Y2018
T95,,Johnson Wagner,75,6.916666667,10.085,122,2,Y2018
T95,,Gary Woodland,96,6.916666667,10.348,124,173,Y2018
T106,,Robert Garrigus,80,7,13.345,158,129,Y2018
T106,,Billy Horschel,86,7,14.547,173,98,Y2018
T106,,Charles Howell III,104,7,13.681,163,44,Y2018
T106,,Peter Malnati,87,7,15.986,191,36,Y2018
T106,,Jonathan Randolph,71,7,13.342,159,64,Y2018
T111,,Kevin Chappell,77,7.083333333,12.277,144,141,Y2018
T111,,Derek Fathauer,84,7.083333333,14.96,176,163,Y2018
T111,,Talor Gooch,78,7.083333333,13.547,160,69,Y2018
T111,,Branden Grace,67,7.083333333,8.689,102,105,Y2018
T111,,Sung Kang,89,7.083333333,13.653,161,189,Y2018
T111,,Martin Piller,79,7.083333333,14.242,168,106,Y2018
T111,,Chez Reavie,93,7.083333333,10.982,129,27,Y2018
T111,,Brian Stuard,103,7.083333333,14.847,175,72,Y2018
T111,,Xinjun Zhang,81,7.083333333,11.181,131,95,Y2018
T120,,Daniel Berger,81,7.166666667,13.537,158,76,Y2018
T120,,Roberto Díaz,72,7.166666667,11.693,136,87,Y2018
T120,,Mackenzie Hughes,80,7.166666667,13.208,153,177,Y2018
T120,,Kevin Kisner,89,7.166666667,12.403,144,52,Y2018
T120,,Shane Lowry,64,7.166666667,9.437,110,181,Y2018
T120,,Denny McCarthy,71,7.166666667,9.766,114,64,Y2018
T120,,Pat Perez,82,7.166666667,9.315,108,155,Y2018
T120,,J.T. Poston,73,7.166666667,10.592,123,111,Y2018
T120,,Conrad Shindler,60,7.166666667,8.766,102,58,Y2018
T120,,Kyle Stanley,93,7.166666667,10.141,118,169,Y2018
T120,,Ethan Tracy,72,7.166666667,9.851,115,166,Y2018
T131,,Austin Cook,107,7.25,18.866,217,28,Y2018
T131,,Retief Goosen,60,7.25,8.344,96,124,Y2018
T131,,Lanto Griffin,80,7.25,11.415,131,150,Y2018
T131,,Michael Kim,74,7.25,12.221,140,144,Y2018
T131,,Seamus Power,86,7.25,14.135,163,7,Y2018
T131,,Ben Silverman,90,7.25,16.661,192,116,Y2018
T131,,Scott Stallings,96,7.25,17.781,204,45,Y2018
T131,,Hudson Swafford,73,7.25,10.49,120,179,Y2018
T139,,Jonas Blixt,67,7.333333333,12.726,144,130,Y2018
T139,,Chesson Hadley,103,7.333333333,17.057,193,136,Y2018
T139,,Andrew Landry,82,7.333333333,13.4,153,125,Y2018
T139,,Daniel Summerhays,51,7.333333333,9.087,103,167,Y2018
T139,,Vaughn Taylor,83,7.333333333,13.402,152,62,Y2018
T139,,Michael Thompson,62,7.333333333,9.998,114,148,Y2018
T145,,Scott Brown,102,7.416666667,16.512,186,170,Y2018
T145,,Rafa Cabrera Bello,75,7.416666667,9.433,106,99,Y2018
T145,,Brandon Harkins,101,7.416666667,18.077,203,146,Y2018
T145,,David Hearn,66,7.416666667,8.223,92,154,Y2018
T145,,Patton Kizzire,92,7.416666667,12.518,141,160,Y2018
T145,,Anirban Lahiri,82,7.416666667,14.337,162,92,Y2018
T145,,Graeme McDowell,67,7.416666667,11.687,132,61,Y2018
T145,,Troy Merritt,89,7.416666667,15.27,171,107,Y2018
T145,,Rod Pampling,62,7.416666667,10.93,123,134,Y2018
T145,,Sam Ryder,82,7.416666667,11.358,127,139,Y2018
T145,,Adam Schenk,86,7.416666667,13.32,149,172,Y2018
T145,,Tyrone Van Aswegen,101,7.416666667,17.648,198,97,Y2018
T157,,Cody Gribble,71,7.5,13.03,145,183,Y2018
T157,,Emiliano Grillo,94,7.5,14.321,160,41,Y2018
T157,,Sean O'Hair,67,7.5,10.863,121,110,Y2018
T157,,J.J. Spaun,85,7.5,15.736,174,150,Y2018
T157,,Kyle Thompson,50,7.5,7.417,82,178,Y2018
T157,,Bubba Watson,90,7.5,15.639,173,135,Y2018
T163,,Bronson Burgoon,69,7.583333333,11.505,126,156,Y2018
T163,,Adam Hadwin,92,7.583333333,14.695,162,85,Y2018
T163,,Scott Piercy,84,7.583333333,15.004,164,145,Y2018
T163,,D.A. Points,63,7.583333333,9.627,106,182,Y2018
T163,,Aaron Wise,90,7.583333333,14.565,160,141,Y2018
T163,,Andrew Yun,51,7.583333333,8.072,89,193,Y2018
T169,,Abraham Ancer,98,7.666666667,14.864,162,20,Y2018
T169,,Corey Conners,97,7.666666667,13.952,152,112,Y2018
T169,,Fabián Gómez,88,7.666666667,14.507,157,79,Y2018
T169,,Alex Noren,67,7.666666667,12.286,133,30,Y2018
T173,,Greg Chalmers,56,7.75,9.908,106,185,Y2018
T173,,Whee Kim,93,7.75,13.617,146,87,Y2018
T173,,Sam Saunders,80,7.75,17.058,183,147,Y2018
T173,,Robert Streb,78,7.75,11.66,126,184,Y2018
T173,,Jhonattan Vegas,92,7.75,12.718,137,84,Y2018
T178,,Zecheng Dou,53,7.916666667,7.756,82,191,Y2018
T178,,Beau Hossler,104,7.916666667,20.161,213,58,Y2018
T178,,Steve Wheatcroft,60,7.916666667,10.809,114,42,Y2018
T181,,Russell Henley,77,8,11.234,117,175,Y2018
T181,,Hunter Mahan,67,8,11.126,116,80,Y2018
T181,,Shawn Stefani,76,8,12.615,132,89,Y2018
T184,,Ben Crane,65,8.083333333,10.422,107,16,Y2018
T184,,Cameron Percy,56,8.083333333,7.919,82,117,Y2018
T184,,Brendan Steele,74,8.083333333,11.428,118,187,Y2018
187,,Tommy Fleetwood,73,8.166666667,11.417,116,148,Y2018
T188,,Tom Lovelady,87,8.25,15.88,160,190,Y2018
T188,,Brett Stegmaier,67,8.25,10.135,102,140,Y2018
190,,Trey Mullinax,75,8.333333333,14.035,141,174,Y2018
191,,Satoshi Kodaira,51,8.416666667,10.638,105,192,Y2018
192,,Nick Watney,94,8.5,14.214,139,153,Y2018
193,,Matt Atkins,56,8.583333333,12.304,120,107,Y2018
1,,Jonathan Randolph,68,5.083333333,6.755,111,140,Y2017
2,,Ernie Els,52,5.25,5.453,86,157,Y2017
T3,,Mark Anderson,54,5.333333333,6.633,104,42,Y2017
T3,,David Hearn,93,5.333333333,9.862,155,33,Y2017
5,,Dominic Bozzelli,69,5.416666667,9.282,142,125,Y2017
T6,,Branden Grace,70,5.5,6.976,105,40,Y2017
T6,,Morgan Hoffmann,92,5.5,13.45,205,63,Y2017
T6,,Mark Hubbard,81,5.5,8.54,130,106,Y2017
T6,,Rory McIlroy,51,5.5,5.003,76,17,Y2017
T6,,Kevin Na,86,5.5,8.416,128,32,Y2017
T6,,Ian Poulter,72,5.5,9.022,136,1,Y2017
T6,,Tim Wilkinson,64,5.5,6.416,97,24,Y2017
T13,,Wesley Bryan,95,5.583333333,12.992,193,37,Y2017
T13,,Brett Drewitt,57,5.583333333,6.521,97,85,Y2017
T13,,Anirban Lahiri,72,5.583333333,11.046,166,170,Y2017
T16,,Bill Haas,92,5.666666667,8.986,132,18,Y2017
T16,,Marc Leishman,94,5.666666667,10.546,155,46,Y2017
T18,,Seamus Power,86,5.75,9.838,143,13,Y2017
T18,,Charl Schwartzel,63,5.75,8.524,124,56,Y2017
T18,,Jordan Spieth,85,5.75,8.045,117,36,Y2017
T18,,Robert Streb,98,5.75,14.571,210,96,Y2017
T18,,Chris Stroud,67,5.75,6.962,101,82,Y2017
T18,,Nick Taylor,97,5.75,12.228,177,35,Y2017
T24,,Ryan Brehm,83,5.833333333,10.495,150,132,Y2017
T24,,Phil Mickelson,85,5.833333333,10.047,143,71,Y2017
T24,,Steve Wheatcroft,51,5.833333333,6.801,97,11,Y2017
T27,,Paul Casey,94,5.916666667,10.582,150,6,Y2017
T27,,Brooks Koepka,88,5.916666667,11.738,166,154,Y2017
T27,,Richy Werenski,81,5.916666667,9.294,130,51,Y2017
T30,,Bud Cauley,92,6,12.792,178,86,Y2017
T30,,Greg Chalmers,75,6,11.063,153,84,Y2017
T30,,Kevin Chappell,95,6,10.021,140,147,Y2017
T30,,Luke Donald,50,6,7.585,105,74,Y2017
T30,,Julián Etulain,68,6,8.45,118,105,Y2017
T30,,Spencer Levin,89,6,10.626,148,43,Y2017
T30,,Ryan Palmer,61,6,8.344,116,124,Y2017
T30,,Pat Perez,93,6,11.946,165,14,Y2017
T30,,Shawn Stefani,72,6,9.518,133,78,Y2017
T39,,Stewart Cink,93,6.083333333,9.875,135,108,Y2017
T39,,Chad Collins,66,6.083333333,11.253,154,19,Y2017
T39,,Derek Fathauer,81,6.083333333,10.505,143,180,Y2017
T39,,Sergio Garcia,65,6.083333333,5.877,81,39,Y2017
T39,,Brian Gay,82,6.083333333,11.881,162,30,Y2017
T39,,Billy Hurley III,80,6.083333333,10.913,150,99,Y2017
T39,,Louis Oosthuizen,69,6.083333333,7.929,109,21,Y2017
T39,,Jimmy Walker,68,6.083333333,7.318,100,122,Y2017
T47,,Chad Campbell,97,6.166666667,13.395,182,5,Y2017
T47,,K.J. Choi,72,6.166666667,8.552,115,57,Y2017
T47,,Bryson DeChambeau,91,6.166666667,9.865,134,128,Y2017
T47,,Rick Lamb,54,6.166666667,6.912,93,178,Y2017
T47,,Cameron Smith,86,6.166666667,13.115,177,103,Y2017
T52,,Steven Alker,69,6.25,7.652,102,76,Y2017
T52,,Andres Gonzales,73,6.25,8.052,107,33,Y2017
T52,,Charley Hoffman,112,6.25,13.818,185,141,Y2017
T52,,Whee Kim,74,6.25,11.3,150,31,Y2017
T52,,Kevin Kisner,105,6.25,13.031,173,28,Y2017
T52,,Matt Kuchar,95,6.25,10.538,141,2,Y2017
T52,,Nicholas Lindheim,58,6.25,6.549,87,146,Y2017
T52,,Webb Simpson,102,6.25,11.933,159,4,Y2017
T60,,Brian Harman,104,6.333333333,15.173,199,25,Y2017
T60,,Si Woo Kim,80,6.333333333,10.275,136,169,Y2017
T60,,Jason Kokrak,95,6.333333333,13.268,175,172,Y2017
T60,,Jamie Lovemark,98,6.333333333,14.087,185,67,Y2017
T60,,Shane Lowry,52,6.333333333,6.268,82,165,Y2017
T60,,C.T. Pan,88,6.333333333,13.272,174,58,Y2017
T60,,Cameron Tringale,89,6.333333333,12.16,160,97,Y2017
T67,,Tony Finau,106,6.416666667,14.991,195,81,Y2017
T67,,Lucas Glover,93,6.416666667,11.883,154,66,Y2017
T67,,Matt Jones,64,6.416666667,9.536,124,16,Y2017
T67,,David Lingmerth,79,6.416666667,11.351,148,108,Y2017
T67,,Francesco Molinari,75,6.416666667,10.922,142,20,Y2017
T67,,Jon Rahm,90,6.416666667,9.623,125,9,Y2017
T67,,Rory Sabbatini,71,6.416666667,8.063,105,115,Y2017
T67,,Kyle Stanley,104,6.416666667,13.309,172,116,Y2017
T67,,Harold Varner III,101,6.416666667,15.371,199,138,Y2017
T67,,Camilo Villegas,76,6.416666667,9.596,124,29,Y2017
T77,,Jason Bohn,75,6.5,11.606,149,133,Y2017
T77,,Roberto Castro,70,6.5,10.085,130,63,Y2017
T77,,Jim Furyk,54,6.5,6.311,81,45,Y2017
T77,,J.J. Henry,92,6.5,12.87,165,145,Y2017
T77,,J.B. Holmes,83,6.5,11.113,143,156,Y2017
T77,,Dustin Johnson,77,6.5,8.168,105,26,Y2017
T77,,Michael Kim,94,6.5,13.198,170,98,Y2017
T77,,Russell Knox,75,6.5,9.922,128,130,Y2017
T77,,Hideki Matsuyama,83,6.5,8.983,115,41,Y2017
T77,,William McGirt,89,6.5,12.675,163,134,Y2017
T77,,Bryce Molder,74,6.5,11.902,153,88,Y2017
T77,,Brandt Snedeker,53,6.5,6.504,83,8,Y2017
T89,,Jason Day,71,6.583333333,10.841,138,91,Y2017
T89,,Cody Gribble,79,6.583333333,12.893,163,173,Y2017
T89,,Jhonattan Vegas,95,6.583333333,10.814,137,119,Y2017
T92,,Aaron Baddeley,61,6.666666667,8.942,112,73,Y2017
T92,,Blayne Barber,77,6.666666667,9.296,116,160,Y2017
T92,,Zac Blair,105,6.666666667,15.368,192,3,Y2017
T92,,Patrick Cantlay,52,6.666666667,7.399,93,62,Y2017
T92,,Gonzalo Fernandez-Castaño,63,6.666666667,8.919,111,7,Y2017
T92,,Ryo Ishikawa,56,6.666666667,8.013,100,123,Y2017
T92,,Andrew Loupe,55,6.666666667,8.972,112,187,Y2017
T92,,Troy Merritt,82,6.666666667,13.805,172,112,Y2017
T92,,Seung-Yul Noh,91,6.666666667,14.1,177,87,Y2017
T92,,Scott Piercy,70,6.666666667,7.131,89,189,Y2017
T92,,Justin Rose,66,6.666666667,7.607,95,80,Y2017
T92,,Kevin Tway,96,6.666666667,12.808,160,92,Y2017
T104,,Byeong Hun An,77,6.75,11.547,142,158,Y2017
T104,,Harris English,84,6.75,11.567,143,75,Y2017
T104,,Sung Kang,104,6.75,15.299,189,136,Y2017
T104,,Patton Kizzire,84,6.75,13.573,167,177,Y2017
T104,,Martin Laird,83,6.75,13.658,169,47,Y2017
T104,,Peter Malnati,91,6.75,12.318,152,37,Y2017
T104,,Justin Thomas,86,6.75,9.266,115,53,Y2017
T104,,Tyrone Van Aswegen,105,6.75,13.955,172,95,Y2017
T112,,Daniel Berger,91,6.833333333,11.121,135,23,Y2017
T112,,Matt Every,76,6.833333333,10.922,134,190,Y2017
T112,,Emiliano Grillo,90,6.833333333,11.632,141,148,Y2017
T112,,Adam Hadwin,98,6.833333333,12.949,158,12,Y2017
T112,,Luke List,102,6.833333333,13.587,165,152,Y2017
T112,,Sean O'Hair,84,6.833333333,11.577,142,129,Y2017
T112,,Geoff Ogilvy,80,6.833333333,13.764,167,49,Y2017
T112,,Tag Ridings,67,6.833333333,8.989,110,126,Y2017
T112,,Boo Weekley,75,6.833333333,11.108,135,153,Y2017
T112,,Gary Woodland,94,6.833333333,8.554,104,118,Y2017
T122,,James Hahn,96,6.916666667,16.039,193,52,Y2017
T122,,Russell Henley,99,6.916666667,16.267,196,131,Y2017
T124,,Ryan Armour,63,7,6.87,82,117,Y2017
T124,,Jonas Blixt,74,7,11.285,135,107,Y2017
T124,,Keegan Bradley,104,7,15.551,186,79,Y2017
T124,,Fabián Gómez,61,7,11.953,142,101,Y2017
T124,,Tom Hoge,54,7,6.852,82,63,Y2017
T124,,Mackenzie Hughes,106,7,19.144,229,103,Y2017
T124,,D.A. Points,68,7,11.089,132,162,Y2017
T124,,Patrick Reed,107,7,15.546,185,48,Y2017
T132,,Rafa Cabrera Bello,63,7.083333333,9.235,109,50,Y2017
T132,,Ben Crane,86,7.083333333,12.987,153,93,Y2017
T132,,Rickie Fowler,78,7.083333333,10.328,121,22,Y2017
T132,,John Huh,92,7.083333333,17.606,206,10,Y2017
T132,,Chris Kirk,89,7.083333333,13.388,158,174,Y2017
T132,,Kyle Reifers,96,7.083333333,12.396,146,114,Y2017
T132,,Xander Schauffele,96,7.083333333,11.653,137,137,Y2017
T132,,Adam Scott,58,7.083333333,7.428,87,83,Y2017
T132,,Brian Stuard,93,7.083333333,12.737,149,121,Y2017
T132,,Johnson Wagner,71,7.083333333,10.082,118,161,Y2017
T142,,Ryan Blaum,100,7.166666667,14.671,171,71,Y2017
T142,,Alex Cejka,85,7.166666667,12.311,143,44,Y2017
T142,,Martin Flores,88,7.166666667,9.423,109,135,Y2017
T142,,Smylie Kaufman,76,7.166666667,10.724,125,168,Y2017
T142,,Graeme McDowell,56,7.166666667,10.445,121,111,Y2017
T142,,Sam Saunders,76,7.166666667,11.401,132,113,Y2017
T142,,J.J. Spaun,92,7.166666667,14.401,168,88,Y2017
T142,,Daniel Summerhays,100,7.166666667,13.351,156,142,Y2017
T142,,Bubba Watson,71,7.166666667,9.77,114,162,Y2017
T151,,Jason Dufner,89,7.25,13.449,155,127,Y2017
T151,,J.T. Poston,95,7.25,13.374,154,77,Y2017
T153,,Brandon Hagy,85,7.333333333,11.813,135,61,Y2017
T153,,Charles Howell III,86,7.333333333,12.835,146,26,Y2017
T153,,Sebastián Muñoz,51,7.333333333,7.876,90,139,Y2017
T153,,Hudson Swafford,94,7.333333333,12.377,140,164,Y2017
T157,,Ricky Barnes,100,7.416666667,16.222,182,68,Y2017
T157,,Jim Herman,77,7.416666667,11.276,127,155,Y2017
T157,,Hunter Mahan,73,7.416666667,12.478,140,120,Y2017
T160,,Scott Brown,95,7.5,17.237,192,90,Y2017
T160,,Miguel Angel Carballo,63,7.5,7.341,82,175,Y2017
T160,,Robert Garrigus,78,7.5,10.625,118,171,Y2017
T160,,Billy Horschel,88,7.5,14.854,165,176,Y2017
T160,,Zach Johnson,81,7.5,12.192,135,69,Y2017
T160,,Danny Lee,93,7.5,15.65,173,167,Y2017
T160,,Patrick Rodgers,76,7.5,15.241,169,182,Y2017
T160,,Ollie Schniederjans,92,7.5,14.008,155,102,Y2017
T168,,Steven Bowditch,59,7.583333333,9.692,106,185,Y2017
T168,,Brad Fritsch,56,7.583333333,9.297,102,151,Y2017
T168,,Trey Mullinax,88,7.583333333,11.237,124,159,Y2017
T168,,Carl Pettersson,63,7.583333333,11.068,122,179,Y2017
T172,,Ken Duke,77,7.666666667,12.101,131,150,Y2017
T172,,Scott Stallings,81,7.666666667,12.963,141,165,Y2017
T172,,Brett Stegmaier,78,7.666666667,13.281,145,188,Y2017
T175,,Graham DeLaet,82,7.75,11.725,126,149,Y2017
T175,,Retief Goosen,52,7.75,7.993,86,60,Y2017
T175,,Ryan Moore,82,7.75,13.606,147,143,Y2017
T178,,Kelly Kraft,75,7.833333333,13.018,138,183,Y2017
T178,,Chez Reavie,98,7.833333333,16.5,176,15,Y2017
T178,,Brendan Steele,89,7.833333333,12.72,136,55,Y2017
T178,,Michael Thompson,60,7.833333333,8.526,91,100,Y2017
182,,Ben Martin,86,7.916666667,11.461,121,108,Y2017
183,,Vaughn Taylor,90,8.083333333,16.793,173,54,Y2017
184,,Rod Pampling,71,8.25,15.48,156,184,Y2017
T185,,Brian Campbell,55,8.333333333,8.881,89,144,Y2017
T185,,Kevin Streelman,90,8.333333333,16.534,166,70,Y2017
187,,Grayson Murray,94,8.5,21.198,207,181,Y2017
188,,Søren Kjeldsen,58,8.833333333,6.279,59,186,Y2017
189,,Cameron Percy,71,8.916666667,10.361,97,59,Y2017
190,,Nick Watney,75,9.25,13.486,121,94,Y2017
T1,T1,Branden Grace,63,5.166666667,4.429,71,82,Y2016
T1,T1,Francesco Molinari,64,5.166666667,8.236,133,53,Y2016
T1,T1,Steve Stricker,53,5.166666667,5.041,81,1,Y2016
T4,T4,Keegan Bradley,82,5.416666667,8.212,127,165,Y2016
T4,T4,Rory McIlroy,69,5.416666667,4.4,68,88,Y2016
T4,T4,Scott Stallings,74,5.416666667,9.362,145,103,Y2016
7,7,Chris Stroud,82,5.5,8.101,122,126,Y2016
8,8,Harris English,97,5.583333333,9.81,146,63,Y2016
T9,T9,Ricky Barnes,97,5.666666667,11.443,168,66,Y2016
T9,T9,David Hearn,95,5.666666667,10.429,153,40,Y2016
T9,T9,Bryce Molder,80,5.666666667,10.674,156,2,Y2016
T9,T9,Jeff Overton,69,5.666666667,9.683,142,11,Y2016
T13,T13,Retief Goosen,55,5.75,8.177,118,59,Y2016
T13,T13,Russell Knox,92,5.75,5.985,87,28,Y2016
T15,T15,Lucas Glover,75,5.833333333,9.085,129,123,Y2016
T15,T15,Padraig Harrington,54,5.833333333,6.939,99,64,Y2016
T15,T15,Charles Howell III,91,5.833333333,11.326,161,44,Y2016
T15,T15,Charl Schwartzel,73,5.833333333,5.882,84,69,Y2016
T19,T19,Chris Kirk,90,5.916666667,10.365,147,16,Y2016
T19,T19,Phil Mickelson,75,5.916666667,7.4,104,4,Y2016
T19,T19,Steve Wheatcroft,85,5.916666667,10.408,146,54,Y2016
T22,T22,Luke Donald,81,6,7.869,110,6,Y2016
T22,T22,Jim Furyk,52,6,4.192,58,119,Y2016
T22,T22,James Hahn,85,6,8.251,115,150,Y2016
T22,T22,Billy Hurley III,66,6,7.286,101,32,Y2016
T22,T22,Smylie Kaufman,91,6,8.527,118,159,Y2016
T22,T22,Matt Kuchar,100,6,8.877,123,34,Y2016
T22,T22,Scott Langley,65,6,9.587,133,19,Y2016
T22,T22,Patrick Reed,105,6,9.599,134,8,Y2016
T30,T30,Stuart Appleby,71,6.083333333,10.243,140,14,Y2016
T30,T30,Jason Day,76,6.083333333,7.436,102,26,Y2016
T30,T30,Luke Guthrie,57,6.083333333,6.905,95,50,Y2016
T30,T30,Luke List,79,6.083333333,11.799,161,44,Y2016
T30,T30,Brendon Todd,66,6.083333333,9.757,134,35,Y2016
T30,T30,Gary Woodland,95,6.083333333,9.337,128,59,Y2016
T36,T36,Paul Casey,77,6.166666667,6.539,88,36,Y2016
T36,T36,Jordan Spieth,80,6.166666667,7.883,106,9,Y2016
T36,T36,Vaughn Taylor,72,6.166666667,9.821,132,163,Y2016
T36,T36,Jimmy Walker,85,6.166666667,8.805,119,112,Y2016
T40,T40,Aaron Baddeley,93,6.25,12.347,165,5,Y2016
T40,T40,Kevin Chappell,93,6.25,9.841,131,79,Y2016
T40,T40,Jerry Kelly,76,6.25,8.109,108,7,Y2016
T40,T40,Jason Kokrak,89,6.25,11.168,148,92,Y2016
T40,T40,Spencer Levin,104,6.25,12.357,165,76,Y2016
T40,T40,Jamie Lovemark,91,6.25,14.351,191,36,Y2016
T40,T40,Wes Roach,59,6.25,7.76,104,146,Y2016
T47,T47,Daniel Berger,92,6.333333333,9.684,127,127,Y2016
T47,T47,Derek Fathauer,94,6.333333333,9.809,129,81,Y2016
T47,T47,Si Woo Kim,113,6.333333333,16.543,217,20,Y2016
T47,T47,Colt Knost,90,6.333333333,11.443,150,27,Y2016
T47,T47,Webb Simpson,70,6.333333333,7.71,101,75,Y2016
T47,T47,Robert Streb,87,6.333333333,8.405,111,149,Y2016
T47,T47,Brian Stuard,66,6.333333333,9.087,120,23,Y2016
T47,T47,David Toms,62,6.333333333,8.692,115,43,Y2016
T55,T55,Abraham Ancer,51,6.416666667,6.913,90,131,Y2016
T55,T55,Zac Blair,99,6.416666667,11.328,148,16,Y2016
T55,T55,Chad Campbell,90,6.416666667,11.913,155,21,Y2016
T55,T55,Tom Hoge,81,6.416666667,10.952,143,91,Y2016
T55,T55,Zach Johnson,90,6.416666667,10.214,132,24,Y2016
T55,T55,Brooks Koepka,75,6.416666667,9.655,126,152,Y2016
T55,T55,Anirban Lahiri,72,6.416666667,6.571,85,138,Y2016
T55,T55,Will MacKenzie,84,6.416666667,9.409,122,120,Y2016
T55,T55,Graeme McDowell,63,6.416666667,5.183,67,86,Y2016
T55,T55,Rob Oppenheim,67,6.416666667,8.191,106,72,Y2016
T55,T55,Rod Pampling,54,6.416666667,7.051,91,30,Y2016
T55,T55,Shawn Stefani,91,6.416666667,12.256,159,49,Y2016
T55,T55,Brett Stegmaier,87,6.416666667,13.469,175,97,Y2016
T55,T55,Camilo Villegas,83,6.416666667,10.744,139,73,Y2016
T69,T69,Erik Compton,65,6.5,8.514,109,128,Y2016
T69,T69,Bill Haas,86,6.5,8.677,111,12,Y2016
T69,T69,Billy Horschel,73,6.5,9.326,120,166,Y2016
T69,T69,Shane Lowry,57,6.5,5.081,65,169,Y2016
T69,T69,Hideki Matsuyama,76,6.5,7.139,91,46,Y2016
T69,T69,Tyrone Van Aswegen,105,6.5,14.16,182,47,Y2016
T75,T75,Brian Harman,104,6.583333333,13.193,168,38,Y2016
T75,T75,Dicky Pride,55,6.583333333,7.997,101,67,Y2016
T75,T75,Chez Reavie,90,6.583333333,10.984,139,15,Y2016
T75,T75,Willy Wilcox,67,6.583333333,10.885,137,100,Y2016
T75,T75,Tim Wilkinson,72,6.583333333,8.525,108,10,Y2016
T80,T80,Chad Collins,73,6.666666667,12.59,157,51,Y2016
T80,T80,Rickie Fowler,80,6.666666667,8.814,110,21,Y2016
T80,T80,Robert Garrigus,69,6.666666667,8.371,104,172,Y2016
T80,T80,Jim Herman,93,6.666666667,9.864,124,85,Y2016
T80,T80,Kelly Kraft,63,6.666666667,7.158,89,145,Y2016
T80,T80,Marc Leishman,89,6.666666667,10.334,129,56,Y2016
T80,T80,Ryan Palmer,86,6.666666667,9.864,124,114,Y2016
T80,T80,Boo Weekley,83,6.666666667,11.306,142,94,Y2016
T88,T88,Greg Owen,85,6.75,11.865,146,181,Y2016
T88,T88,Rory Sabbatini,57,6.75,6.404,79,137,Y2016
T88,T88,Brandt Snedeker,93,6.75,11.046,136,16,Y2016
T88,T88,Mark Wilson,66,6.75,9.635,119,54,Y2016
T92,T92,Jonas Blixt,79,6.833333333,12.437,152,42,Y2016
T92,T92,Steven Bowditch,71,6.833333333,9.663,118,185,Y2016
T92,T92,Jon Curran,99,6.833333333,13.148,161,13,Y2016
T92,T92,Russell Henley,76,6.833333333,11.041,134,41,Y2016
T92,T92,Morgan Hoffmann,71,6.833333333,10.961,134,99,Y2016
T92,T92,J.B. Holmes,77,6.833333333,9.539,116,130,Y2016
T92,T92,Sung Kang,89,6.833333333,12.958,158,68,Y2016
T92,T92,Patton Kizzire,93,6.833333333,11.985,146,141,Y2016
T92,T92,Hunter Mahan,61,6.833333333,9.651,117,154,Y2016
T92,T92,Peter Malnati,85,6.833333333,12.669,154,87,Y2016
T92,T92,Sean O'Hair,89,6.833333333,15.391,187,110,Y2016
T92,T92,Vijay Singh,72,6.833333333,12.22,149,135,Y2016
T104,T104,Andres Gonzales,80,6.916666667,10.768,130,148,Y2016
T104,T104,Dustin Johnson,87,6.916666667,8.367,101,70,Y2016
T104,T104,Matt Jones,83,6.916666667,11.69,141,140,Y2016
T104,T104,William McGirt,98,6.916666667,15.551,188,48,Y2016
T108,T108,Roberto Castro,97,7,13.378,159,62,Y2016
T108,T108,Whee Kim,82,7,13.57,161,104,Y2016
T108,T108,Martin Laird,82,7,10.464,124,92,Y2016
T108,T108,Seung-Yul Noh,85,7,11.88,141,118,Y2016
T108,T108,Carlos Ortiz,79,7,11.686,139,184,Y2016
T108,T108,Kyle Reifers,115,7,12.74,151,147,Y2016
T108,T108,Adam Scott,79,7,7.275,87,74,Y2016
T115,T115,Ernie Els,66,7.083333333,9.986,118,163,Y2016
T115,T115,Hiroshi Iwata,85,7.083333333,13.353,158,77,Y2016
T115,T115,Freddie Jacobson,86,7.083333333,12.492,147,58,Y2016
T115,T115,Ben Martin,92,7.083333333,13.37,158,160,Y2016
T115,T115,George McNeill,51,7.083333333,7.943,93,171,Y2016
T115,T115,Louis Oosthuizen,63,7.083333333,5.244,62,167,Y2016
T115,T115,Kyle Stanley,92,7.083333333,11.731,138,155,Y2016
T115,T115,Harold Varner III,92,7.083333333,15.206,179,134,Y2016
T115,T115,Johnson Wagner,86,7.083333333,13.455,159,109,Y2016
T124,T124,Tyler Aldridge,83,7.166666667,11.536,134,105,Y2016
T124,T124,Robert Allenby,51,7.166666667,7.956,93,182,Y2016
T124,T124,K.J. Choi,73,7.166666667,9.326,108,33,Y2016
T124,T124,Adam Hadwin,93,7.166666667,16.761,195,97,Y2016
T124,T124,J.J. Henry,68,7.166666667,11.662,135,173,Y2016
T124,T124,Charley Hoffman,91,7.166666667,11.409,132,111,Y2016
T124,T124,Kevin Kisner,97,7.166666667,11.844,138,129,Y2016
T124,T124,Ryan Moore,86,7.166666667,10.266,120,61,Y2016
T124,T124,Henrik Norlander,71,7.166666667,9.53,111,57,Y2016
T133,T133,Scott Brown,88,7.25,13.09,150,83,Y2016
T133,T133,Derek Ernst,59,7.25,9.574,110,52,Y2016
T133,T133,Tony Finau,95,7.25,13.619,156,105,Y2016
T133,T133,John Huh,86,7.25,13.497,156,25,Y2016
T133,T133,Andrew Landry,53,7.25,7.391,85,28,Y2016
T133,T133,David Lingmerth,84,7.25,9.125,105,71,Y2016
T133,T133,Troy Merritt,77,7.25,12.127,140,107,Y2016
T133,T133,Martin Piller,59,7.25,7.195,83,90,Y2016
T133,T133,Cameron Tringale,81,7.25,10.947,126,124,Y2016
T142,T142,Jason Gore,78,7.333333333,9.544,109,96,Y2016
T142,T142,Danny Lee,93,7.333333333,11.059,125,122,Y2016
T142,T142,Justin Thomas,99,7.333333333,11.221,127,151,Y2016
T142,T142,Michael Thompson,71,7.333333333,8.918,101,116,Y2016
T146,T146,Alex Cejka,71,7.416666667,10.094,113,3,Y2016
T146,T146,Stewart Cink,61,7.416666667,6.685,75,170,Y2016
T146,T146,Rhein Gibson,58,7.416666667,8.82,99,160,Y2016
T146,T146,Fabián Gómez,82,7.416666667,12.575,142,132,Y2016
T146,T146,D.H. Lee,61,7.416666667,8.746,98,183,Y2016
T146,T146,Patrick Rodgers,89,7.416666667,12.733,143,101,Y2016
T146,T146,Jhonattan Vegas,97,7.416666667,14.123,158,84,Y2016
T153,T153,Andrew Loupe,75,7.5,13.697,152,175,Y2016
T153,T153,Kevin Na,96,7.5,9.202,102,89,Y2016
T153,T153,D.A. Points,55,7.5,7.728,86,108,Y2016
T153,T153,Sam Saunders,69,7.5,9.056,101,132,Y2016
T153,T153,Brendan Steele,88,7.5,10.585,118,162,Y2016
T158,T158,Bronson Burgoon,83,7.583333333,10.663,117,94,Y2016
T158,T158,Jason Dufner,105,7.583333333,13.267,146,139,Y2016
T158,T158,Chesson Hadley,81,7.583333333,10.711,118,168,Y2016
T158,T158,Michael Kim,100,7.583333333,17.034,188,39,Y2016
T158,T158,Scott Pinckney,87,7.583333333,11.957,131,177,Y2016
T158,T158,Bubba Watson,72,7.583333333,7.338,81,176,Y2016
T164,T164,Jason Bohn,67,7.666666667,11.265,122,144,Y2016
T164,T164,Scott Piercy,87,7.666666667,9.345,102,117,Y2016
T166,T166,Blayne Barber,84,7.75,13.321,143,115,Y2016
T166,T166,John Senden,88,7.75,16.107,173,80,Y2016
T166,T166,Kevin Streelman,82,7.75,8.985,97,174,Y2016
T166,T166,Hudson Swafford,104,7.75,14.114,152,158,Y2016
T170,T170,Ángel Cabrera,62,7.833333333,11.998,128,156,Y2016
T170,T170,Brendon de Jonge,83,7.833333333,12.365,131,136,Y2016
T170,T170,Nick Taylor,83,7.833333333,13.39,143,78,Y2016
T173,T173,Thomas Aiken,70,7.916666667,8.568,90,143,Y2016
T173,T173,Ken Duke,58,7.916666667,8.276,87,177,Y2016
T173,T173,Mark Hubbard,101,7.916666667,14.554,154,65,Y2016
T176,T176,Cameron Smith,73,8,9.501,99,153,Y2016
T176,T176,Daniel Summerhays,99,8,14.397,150,121,Y2016
178,178,Emiliano Grillo,93,8.083333333,11.419,118,156,Y2016
T179,T179,Ben Crane,80,8.25,13.046,132,31,Y2016
T179,T179,Steve Marino,72,8.25,11.089,112,125,Y2016
T179,T179,Geoff Ogilvy,63,8.25,10.708,108,142,Y2016
T179,T179,Justin Rose,65,8.25,8.033,81,102,Y2016
T179,T179,Dawie van der Walt,72,8.25,10.58,107,180,Y2016
184,184,Graham DeLaet,70,9.583333333,12.198,106,179,Y2016
185,185,Sergio Garcia,54,10,5.504,46,113,Y2016
T1,T1,Jordan Spieth,91,5.416666667,7.64,118,4,Y2015
T1,T1,Tim Wilkinson,73,5.416666667,7.506,116,111,Y2015
T3,T3,Jim Furyk,71,5.5,5.033,76,18,Y2015
T3,T3,Ian Poulter,68,5.5,6.089,92,54,Y2015
5,5,Keegan Bradley,87,5.583333333,9.472,141,115,Y2015
6,6,J.J. Henry,94,5.666666667,8.849,131,170,Y2015
T7,T7,Jason Dufner,76,5.75,6.945,100,162,Y2015
T7,T7,Chris Kirk,76,5.75,7.126,104,64,Y2015
T7,T7,John Merrick,78,5.75,9.439,136,134,Y2015
T7,T7,Kevin Na,98,5.75,10.903,157,19,Y2015
T7,T7,Andrew Putnam,68,5.75,7.964,116,139,Y2015
T7,T7,Webb Simpson,81,5.75,7.745,112,9,Y2015
T13,T13,Steven Alker,62,5.833333333,7.419,106,39,Y2015
T13,T13,Jon Curran,83,5.833333333,8.306,119,35,Y2015
T15,T15,Derek Ernst,75,5.916666667,9.19,129,135,Y2015
T15,T15,Brian Harman,90,5.916666667,11.649,163,77,Y2015
T15,T15,Mark Hubbard,79,5.916666667,9.381,132,38,Y2015
T15,T15,Greg Owen,58,5.916666667,5.366,76,74,Y2015
T19,T19,Chad Collins,79,6,10.685,149,1,Y2015
T19,T19,Jason Day,75,6,7.429,103,2,Y2015
T19,T19,Justin Leonard,61,6,9.55,132,34,Y2015
T19,T19,Scott Stallings,60,6,6.655,93,171,Y2015
T19,T19,Cameron Tringale,96,6,12.416,173,27,Y2015
T24,T24,Chad Campbell,97,6.083333333,12.323,169,88,Y2015
T24,T24,Russell Knox,96,6.083333333,10.45,143,71,Y2015
T24,T24,William McGirt,103,6.083333333,13.297,181,11,Y2015
T24,T24,Ryan Moore,81,6.083333333,8.861,122,65,Y2015
28,28,Steven Bowditch,103,6.166666667,13.915,187,3,Y2015
T29,T29,Robert Allenby,63,6.25,7.087,94,180,Y2015
T29,T29,Jonas Blixt,78,6.25,7.504,100,107,Y2015
T29,T29,Graham DeLaet,65,6.25,8.135,109,133,Y2015
T29,T29,Morgan Hoffmann,85,6.25,12.175,162,92,Y2015
T29,T29,Matt Jones,89,6.25,11.268,151,42,Y2015
T29,T29,Patrick Reed,103,6.25,13.014,174,28,Y2015
T29,T29,Brendon Todd,96,6.25,10.834,144,22,Y2015
T36,T36,Kevin Chappell,86,6.333333333,10.583,140,87,Y2015
T36,T36,K.J. Choi,66,6.333333333,8.488,111,16,Y2015
T36,T36,Troy Merritt,91,6.333333333,11.431,151,33,Y2015
T36,T36,Phil Mickelson,70,6.333333333,8.641,114,84,Y2015
T36,T36,Sung Joon Park,79,6.333333333,9.786,129,8,Y2015
T36,T36,Justin Thomas,106,6.333333333,15.379,202,37,Y2015
T36,T36,Tyrone Van Aswegen,58,6.333333333,6.481,85,116,Y2015
T43,T43,Scott Brown,97,6.416666667,14.702,192,55,Y2015
T43,T43,Jonathan Byrd,69,6.416666667,8.958,116,5,Y2015
T43,T43,Roberto Castro,54,6.416666667,5.106,66,169,Y2015
T43,T43,Erik Compton,86,6.416666667,10.306,133,61,Y2015
T43,T43,Charley Hoffman,97,6.416666667,11.228,145,100,Y2015
T43,T43,Billy Hurley III,83,6.416666667,8.579,112,10,Y2015
T43,T43,Marc Leishman,74,6.416666667,8.532,111,141,Y2015
T43,T43,Hideki Matsuyama,95,6.416666667,9.369,122,30,Y2015
T43,T43,Ryan Palmer,80,6.416666667,6.964,91,60,Y2015
T43,T43,Pat Perez,96,6.416666667,11.58,150,69,Y2015
T43,T43,Brandt Snedeker,98,6.416666667,10.482,137,15,Y2015
T43,T43,David Toms,62,6.416666667,8.586,111,12,Y2015
T43,T43,Camilo Villegas,83,6.416666667,10.825,140,96,Y2015
T43,T43,Bubba Watson,71,6.416666667,9.222,119,32,Y2015
T57,T57,Ricky Barnes,82,6.5,11.532,147,69,Y2015
T57,T57,Daniel Berger,97,6.5,13.573,175,59,Y2015
T57,T57,Luke Donald,71,6.5,6.98,89,46,Y2015
T57,T57,Matt Kuchar,97,6.5,11.12,143,13,Y2015
T57,T57,Martin Laird,77,6.5,12.271,157,67,Y2015
T57,T57,Patrick Rodgers,57,6.5,6.409,82,145,Y2015
T57,T57,Chris Stroud,84,6.5,9.934,127,71,Y2015
T57,T57,Bo Van Pelt,81,6.5,9.743,125,154,Y2015
T65,T65,Harris English,105,6.583333333,11.971,151,36,Y2015
T65,T65,J.B. Holmes,89,6.583333333,11.118,141,85,Y2015
T65,T65,Max Homa,78,6.583333333,11.738,149,90,Y2015
T65,T65,Jerry Kelly,79,6.583333333,10.745,136,7,Y2015
T65,T65,Davis Love III,51,6.583333333,6.703,85,136,Y2015
T65,T65,Jhonattan Vegas,90,6.583333333,13.626,173,89,Y2015
T71,T71,Jason Bohn,95,6.666666667,11.485,144,51,Y2015
T71,T71,Paul Casey,87,6.666666667,7.319,92,150,Y2015
T71,T71,Jamie Donaldson,50,6.666666667,5.216,65,81,Y2015
T71,T71,Kevin Kisner,104,6.666666667,14.568,182,21,Y2015
T71,T71,Scott Langley,94,6.666666667,11.415,143,93,Y2015
T76,T76,Ben Crane,62,6.75,8.798,109,29,Y2015
T76,T76,Martin Flores,95,6.75,11.432,141,99,Y2015
T76,T76,Padraig Harrington,60,6.75,9.038,111,137,Y2015
T76,T76,Carl Pettersson,106,6.75,14.734,182,26,Y2015
T76,T76,Chez Reavie,56,6.75,6.701,83,152,Y2015
T76,T76,Michael Thompson,83,6.75,12.496,155,161,Y2015
T76,T76,Gary Woodland,81,6.75,10.023,123,142,Y2015
T83,T83,Matt Every,73,6.833333333,9.447,115,153,Y2015
T83,T83,Derek Fathauer,81,6.833333333,11.052,135,129,Y2015
T83,T83,Gonzalo Fernandez-Castaño,81,6.833333333,10.639,130,120,Y2015
T83,T83,Rickie Fowler,76,6.833333333,8.575,105,47,Y2015
T83,T83,Andres Gonzales,90,6.833333333,11.383,138,157,Y2015
T83,T83,Colt Knost,90,6.833333333,11.044,134,97,Y2015
T83,T83,Bryce Molder,91,6.833333333,11.948,146,20,Y2015
T83,T83,Sean O'Hair,86,6.833333333,14.772,180,83,Y2015
T83,T83,Jeff Overton,94,6.833333333,11.712,142,98,Y2015
T83,T83,Jim Renner,68,6.833333333,12.056,147,165,Y2015
T83,T83,Justin Rose,69,6.833333333,7.266,89,94,Y2015
T83,T83,Johnson Wagner,68,6.833333333,9.972,122,82,Y2015
T83,T83,Lee Westwood,56,6.833333333,3.532,43,178,Y2015
T83,T83,Mark Wilson,89,6.833333333,12.7,155,63,Y2015
T97,T97,Aaron Baddeley,76,6.916666667,11.662,141,48,Y2015
T97,T97,Alex Cejka,94,6.916666667,12.289,148,62,Y2015
T97,T97,Brendon de Jonge,106,6.916666667,14.114,170,91,Y2015
T97,T97,Brice Garnett,81,6.916666667,10.433,126,156,Y2015
T97,T97,Lucas Glover,79,6.916666667,11.158,134,164,Y2015
T97,T97,Bill Haas,89,6.916666667,12.2,147,31,Y2015
T97,T97,Rory Sabbatini,81,6.916666667,11.129,134,17,Y2015
T97,T97,Brian Stuard,97,6.916666667,12.946,156,66,Y2015
T105,T105,Stewart Cink,77,7,8.786,104,117,Y2015
T105,T105,Retief Goosen,81,7,11.107,132,85,Y2015
T105,T105,Ryo Ishikawa,90,7,12.84,153,159,Y2015
T105,T105,Whee Kim,71,7,9.472,113,123,Y2015
T105,T105,Spencer Levin,99,7,13.996,167,76,Y2015
T105,T105,Louis Oosthuizen,68,7,6.059,72,41,Y2015
T105,T105,Scott Piercy,90,7,12.192,146,105,Y2015
T105,T105,Heath Slocum,57,7,8.203,98,138,Y2015
T105,T105,Nick Taylor,91,7,15.438,183,113,Y2015
T105,T105,Boo Weekley,79,7,11.77,140,73,Y2015
T115,T115,Blayne Barber,76,7.083333333,9.213,108,80,Y2015
T115,T115,Charlie Beljan,76,7.083333333,9.905,117,184,Y2015
T115,T115,Ernie Els,57,7.083333333,6.186,73,144,Y2015
T115,T115,Danny Lee,120,7.083333333,15.708,185,52,Y2015
T115,T115,Andres Romero,69,7.083333333,9.445,111,140,Y2015
T115,T115,Daniel Summerhays,101,7.083333333,15.58,183,122,Y2015
T121,T121,Sangmoon Bae,98,7.166666667,15.863,184,45,Y2015
T121,T121,Zac Blair,108,7.166666667,12.701,148,6,Y2015
T121,T121,Fabián Gómez,83,7.166666667,13.016,152,101,Y2015
T121,T121,David Hearn,97,7.166666667,13.056,152,131,Y2015
T121,T121,Dustin Johnson,75,7.166666667,9.189,107,119,Y2015
T121,T121,Brooks Koepka,84,7.166666667,8.893,103,143,Y2015
T121,T121,Adam Scott,51,7.166666667,4.035,47,173,Y2015
T121,T121,Vijay Singh,78,7.166666667,11.518,134,50,Y2015
T121,T121,Shawn Stefani,94,7.166666667,13.585,158,146,Y2015
T121,T121,Robert Streb,110,7.166666667,16.433,191,79,Y2015
T131,T131,James Hahn,94,7.25,11.398,131,108,Y2015
T131,T131,David Lingmerth,90,7.25,13.464,154,42,Y2015
T131,T131,Ben Martin,93,7.25,12.855,147,174,Y2015
T131,T131,D.A. Points,72,7.25,10.754,124,75,Y2015
T131,T131,Jonathan Randolph,72,7.25,9.516,110,53,Y2015
T136,T136,Sergio Garcia,59,7.333333333,7.383,84,109,Y2015
T136,T136,Robert Garrigus,70,7.333333333,9.778,111,176,Y2015
T136,T136,Roger Sloan,56,7.333333333,7.736,88,175,Y2015
T136,T136,Steve Wheatcroft,87,7.333333333,12.301,139,56,Y2015
T140,T140,Ken Duke,93,7.416666667,15.744,177,102,Y2015
T140,T140,Luke Guthrie,84,7.416666667,11.965,135,127,Y2015
T140,T140,Tom Hoge,83,7.416666667,12.664,143,106,Y2015
T140,T140,John Peterson,84,7.416666667,13.389,151,14,Y2015
T140,T140,Charl Schwartzel,67,7.416666667,6.059,68,168,Y2015
T140,T140,Willy Wilcox,58,7.416666667,5.719,64,24,Y2015
T146,T146,Tony Finau,106,7.5,16.533,183,149,Y2015
T146,T146,John Huh,102,7.5,18.247,203,23,Y2015
T146,T146,Kyle Reifers,96,7.5,14.825,164,40,Y2015
T149,T149,Brian Davis,86,7.583333333,13.926,153,56,Y2015
T149,T149,Adam Hadwin,95,7.583333333,11.774,130,110,Y2015
T149,T149,Billy Horschel,99,7.583333333,14.03,154,126,Y2015
T149,T149,Charles Howell III,105,7.583333333,17.732,195,151,Y2015
T149,T149,Seung-Yul Noh,65,7.583333333,8.79,97,166,Y2015
T149,T149,John Senden,80,7.583333333,7.823,86,163,Y2015
T155,T155,Chesson Hadley,101,7.666666667,16.116,176,125,Y2015
T155,T155,Russell Henley,87,7.666666667,9.96,108,130,Y2015
T155,T155,Zach Johnson,90,7.666666667,10.537,115,49,Y2015
T155,T155,Hunter Mahan,88,7.666666667,11.06,120,78,Y2015
T155,T155,Andrew Svoboda,80,7.666666667,12.535,136,182,Y2015
T160,T160,Greg Chalmers,58,7.75,5.557,60,132,Y2015
T160,T160,Jim Herman,88,7.75,10.591,114,118,Y2015
T160,T160,Michael Putnam,87,7.75,11.287,122,95,Y2015
T160,T160,Brendan Steele,88,7.75,12.601,135,68,Y2015
T160,T160,Nick Watney,91,7.75,12.333,133,103,Y2015
T165,T165,Eric Axley,57,7.833333333,9.224,98,56,Y2015
T165,T165,Hudson Swafford,97,7.833333333,14.594,156,160,Y2015
167,167,Jimmy Walker,89,7.916666667,7.909,83,124,Y2015
T168,T168,Jason Kokrak,88,8,16.279,170,114,Y2015
T168,T168,Carlos Ortiz,100,8,14.748,154,158,Y2015
T168,T168,Kevin Streelman,95,8,11.977,125,104,Y2015
T171,T171,George McNeill,93,8.083333333,17.513,181,44,Y2015
T171,T171,Cameron Percy,72,8.083333333,11.502,118,148,Y2015
T171,T171,Scott Pinckney,88,8.083333333,13.339,137,155,Y2015
T171,T171,Henrik Stenson,63,8.083333333,7.871,81,25,Y2015
175,175,Byron Smith,59,8.25,9.282,94,172,Y2015
176,176,Nicholas Thompson,90,8.416666667,11.864,117,179,Y2015
177,177,Oscar Fraustro,58,8.5,8.146,80,147,Y2015
T178,T178,Ángel Cabrera,53,8.583333333,7.545,73,183,Y2015
T178,T178,Bill Lunde,50,8.583333333,8.437,82,128,Y2015
180,180,Geoff Ogilvy,50,9,9.681,90,181,Y2015
T181,T181,Jason Gore,76,9.083333333,11.86,109,167,Y2015
T181,T181,Francesco Molinari,56,9.083333333,7.506,69,111,Y2015
183,183,Alex Prugh,84,9.25,13.813,125,177,Y2015
184,184,Sam Saunders,83,9.5,13.964,123,121,Y2015
1,1,Justin Leonard,75,4.833333333,7.027,122,6,Y2014
2,2,Paul Casey,56,5.166666667,5.451,88,128,Y2014
T3,T3,Jonathan Byrd,76,5.333333333,9.2,143,99,Y2014
T3,T3,Jeff Maggert,54,5.333333333,5.734,90,93,Y2014
T5,T5,Zach Johnson,97,5.583333333,8.939,133,36,Y2014
T5,T5,Pat Perez,84,5.583333333,9.6,144,46,Y2014
T7,T7,Luke Donald,57,5.666666667,5.603,82,38,Y2014
T7,T7,Jim Furyk,84,5.666666667,6.112,90,1,Y2014
T7,T7,John Merrick,87,5.666666667,10.434,154,175,Y2014
T7,T7,Wes Roach,67,5.666666667,7.389,108,103,Y2014
T11,T11,Brian Gay,81,5.75,9.218,134,3,Y2014
T11,T11,Louis Oosthuizen,50,5.75,3.719,54,172,Y2014
T11,T11,Ian Poulter,57,5.75,5.027,73,98,Y2014
T14,T14,Stuart Appleby,92,5.833333333,11.475,164,34,Y2014
T14,T14,Scott Brown,100,5.833333333,11.276,161,86,Y2014
T14,T14,Ernie Els,85,5.833333333,9.57,136,26,Y2014
T17,T17,Gonzalo Fernandez-Castaño,83,5.916666667,10.96,155,100,Y2014
T17,T17,Tyrone Van Aswegen,79,5.916666667,8.455,119,94,Y2014
T17,T17,Boo Weekley,73,5.916666667,7.374,104,160,Y2014
T20,T20,Bud Cauley,56,6,7.683,106,57,Y2014
T20,T20,Jason Day,54,6,4.436,62,5,Y2014
T20,T20,Jordan Spieth,102,6,11.082,153,13,Y2014
T23,T23,Steven Bowditch,93,6.083333333,13.025,179,120,Y2014
T23,T23,Matt Every,85,6.083333333,8.56,118,82,Y2014
T23,T23,J.B. Holmes,86,6.083333333,12.97,177,89,Y2014
T23,T23,Phil Mickelson,71,6.083333333,6.033,83,20,Y2014
T23,T23,Kevin Na,94,6.083333333,11.676,159,4,Y2014
T28,T28,Stewart Cink,91,6.166666667,7.598,103,142,Y2014
T28,T28,Chad Collins,78,6.166666667,11.45,154,60,Y2014
T28,T28,Trevor Immelman,84,6.166666667,10.622,144,150,Y2014
T28,T28,D.H. Lee,54,6.166666667,5.806,78,86,Y2014
T28,T28,Troy Merritt,62,6.166666667,6.842,92,130,Y2014
T28,T28,Patrick Reed,92,6.166666667,10.521,142,69,Y2014
T28,T28,Robert Streb,75,6.166666667,8.702,118,80,Y2014
T28,T28,Tim Wilkinson,86,6.166666667,12.18,164,10,Y2014
T36,T36,Brad Fritsch,50,6.25,5.468,73,54,Y2014
T36,T36,Brian Harman,111,6.25,14.311,190,60,Y2014
T36,T36,Jim Herman,62,6.25,7.369,98,149,Y2014
T36,T36,Bronson La'Cassie,51,6.25,6.192,83,48,Y2014
T36,T36,Rory McIlroy,66,6.25,5.462,73,88,Y2014
T41,T41,Kevin Chappell,100,6.333333333,12.135,159,114,Y2014
T41,T41,Jerry Kelly,80,6.333333333,9.971,131,16,Y2014
T41,T41,Kevin Kisner,85,6.333333333,8.17,108,122,Y2014
T41,T41,Davis Love III,74,6.333333333,8.756,115,140,Y2014
T41,T41,Geoff Ogilvy,84,6.333333333,10.583,140,137,Y2014
T41,T41,John Senden,99,6.333333333,11.373,149,49,Y2014
T41,T41,Brandt Snedeker,89,6.333333333,8.9,117,66,Y2014
T41,T41,Chris Stroud,88,6.333333333,11.76,155,18,Y2014
T49,T49,Erik Compton,88,6.416666667,13.464,175,83,Y2014
T49,T49,Luke Guthrie,85,6.416666667,12.933,167,29,Y2014
T49,T49,David Hearn,97,6.416666667,13.091,169,35,Y2014
T49,T49,John Huh,87,6.416666667,10.21,133,107,Y2014
T49,T49,Billy Hurley III,86,6.416666667,9.808,128,26,Y2014
T49,T49,Hideki Matsuyama,82,6.416666667,8.479,110,41,Y2014
T49,T49,Justin Rose,70,6.416666667,6.948,90,31,Y2014
T49,T49,Daniel Summerhays,98,6.416666667,12.458,161,96,Y2014
T49,T49,David Toms,64,6.416666667,9.424,123,23,Y2014
T58,T58,Woody Austin,63,6.5,9.561,123,146,Y2014
T58,T58,Aaron Baddeley,74,6.5,10.919,140,47,Y2014
T58,T58,Ricky Barnes,92,6.5,13.871,178,19,Y2014
T58,T58,Roberto Castro,76,6.5,8.895,114,136,Y2014
T58,T58,Tim Clark,75,6.5,8.676,111,70,Y2014
T58,T58,Brian Davis,93,6.5,15.293,196,25,Y2014
T58,T58,Harris English,95,6.5,10.991,141,110,Y2014
T58,T58,Freddie Jacobson,91,6.5,11.855,152,28,Y2014
T58,T58,Seung-Yul Noh,92,6.5,10.869,139,45,Y2014
T58,T58,Shawn Stefani,60,6.5,8.928,115,67,Y2014
T68,T68,Morgan Hoffmann,103,6.583333333,13.118,167,106,Y2014
T68,T68,Ryo Ishikawa,75,6.583333333,11.104,140,152,Y2014
T68,T68,Jamie Lovemark,64,6.583333333,7.751,98,129,Y2014
T68,T68,Ben Martin,80,6.583333333,9.262,117,75,Y2014
T68,T68,Bryce Molder,77,6.583333333,9.42,119,44,Y2014
T68,T68,"Ted Potter, Jr.",68,6.583333333,8.547,108,11,Y2014
T68,T68,Adam Scott,68,6.583333333,6.973,88,37,Y2014
T68,T68,Brendan Steele,89,6.583333333,11.254,142,67,Y2014
T68,T68,Camilo Villegas,95,6.583333333,11.256,142,125,Y2014
T68,T68,Mike Weir,69,6.583333333,10.308,130,56,Y2014
T78,T78,Keegan Bradley,89,6.666666667,10.85,135,14,Y2014
T78,T78,James Driscoll,71,6.666666667,10.227,128,141,Y2014
T78,T78,Rickie Fowler,91,6.666666667,7.466,93,17,Y2014
T78,T78,Jim Renner,61,6.666666667,8.573,107,177,Y2014
T78,T78,Webb Simpson,87,6.666666667,9.777,122,77,Y2014
T78,T78,Johnson Wagner,69,6.666666667,11.152,140,92,Y2014
T84,T84,Robert Allenby,83,6.75,10.713,132,52,Y2014
T84,T84,Ben Crane,81,6.75,13.763,170,75,Y2014
T84,T84,Graham DeLaet,80,6.75,9.936,123,85,Y2014
T84,T84,Charles Howell III,106,6.75,15.569,193,30,Y2014
T84,T84,Russell Knox,92,6.75,10.244,127,8,Y2014
T84,T84,Scott Langley,95,6.75,12.802,158,21,Y2014
T84,T84,Graeme McDowell,66,6.75,5.997,74,39,Y2014
T84,T84,Charl Schwartzel,64,6.75,8.184,101,21,Y2014
T84,T84,Heath Slocum,71,6.75,10.06,124,24,Y2014
T84,T84,Bo Van Pelt,83,6.75,9.418,116,101,Y2014
T84,T84,Jhonattan Vegas,77,6.75,11.709,145,72,Y2014
T84,T84,Bubba Watson,76,6.75,8.042,99,74,Y2014
T84,T84,Charlie Wi,72,6.75,12.356,152,15,Y2014
T84,T84,Gary Woodland,93,6.75,11.41,141,50,Y2014
T84,T84,Y.E. Yang,79,6.75,11.282,140,122,Y2014
T99,T99,Jonas Blixt,64,6.833333333,6.559,80,84,Y2014
T99,T99,K.J. Choi,80,6.833333333,9.5,116,119,Y2014
T99,T99,Ben Curtis,77,6.833333333,11.507,141,126,Y2014
T99,T99,Matt Kuchar,91,6.833333333,10.356,127,12,Y2014
T99,T99,Sean O'Hair,77,6.833333333,11.247,138,63,Y2014
T99,T99,Ryan Palmer,85,6.833333333,10.609,129,95,Y2014
T99,T99,Jimmy Walker,98,6.833333333,12.069,147,91,Y2014
T106,T106,Greg Chalmers,85,6.916666667,13.062,157,65,Y2014
T106,T106,Andrew Loupe,65,6.916666667,9.248,112,139,Y2014
T106,T106,William McGirt,96,6.916666667,15.108,181,79,Y2014
T106,T106,Vijay Singh,83,6.916666667,13.437,162,73,Y2014
T106,T106,Kevin Streelman,79,6.916666667,9.516,114,155,Y2014
T106,T106,Kevin Tway,64,6.916666667,8.892,107,162,Y2014
T112,T112,Charlie Beljan,76,7,10.473,124,162,Y2014
T112,T112,Sergio Garcia,61,7,4.954,59,2,Y2014
T112,T112,Brice Garnett,92,7,14.5,172,62,Y2014
T112,T112,Martin Kaymer,65,7,6.779,81,158,Y2014
T112,T112,Brooks Koepka,56,7,7.817,93,108,Y2014
T112,T112,Martin Laird,66,7,9.526,113,157,Y2014
T112,T112,Ryan Moore,86,7,10.445,125,103,Y2014
T112,T112,John Rollins,84,7,12.151,145,165,Y2014
T112,T112,Henrik Stenson,56,7,5.154,61,171,Y2014
T112,T112,Cameron Tringale,111,7,14.814,176,70,Y2014
T122,T122,Russell Henley,92,7.083333333,12.014,142,170,Y2014
T122,T122,Charley Hoffman,93,7.083333333,13.658,161,64,Y2014
T122,T122,Billy Horschel,92,7.083333333,11.7,138,144,Y2014
T122,T122,Dustin Johnson,58,7.083333333,5.043,59,57,Y2014
T122,T122,Matt Jones,83,7.083333333,10.12,119,133,Y2014
T122,T122,Jeff Overton,80,7.083333333,12.906,151,39,Y2014
T122,T122,Carl Pettersson,91,7.083333333,11.363,133,113,Y2014
T122,T122,D.A. Points,75,7.083333333,8.892,105,156,Y2014
T122,T122,Rory Sabbatini,82,7.083333333,10.157,120,142,Y2014
T122,T122,Nick Watney,80,7.083333333,8.023,94,132,Y2014
T122,T122,Mark Wilson,69,7.083333333,10.148,120,138,Y2014
T133,T133,Brendon de Jonge,109,7.166666667,15.076,175,117,Y2014
T133,T133,Bill Haas,107,7.166666667,13.329,155,43,Y2014
T133,T133,Andres Romero,81,7.166666667,13.776,161,52,Y2014
T133,T133,Nicholas Thompson,85,7.166666667,10.929,127,164,Y2014
T137,T137,Jason Bohn,81,7.25,10.469,120,131,Y2014
T137,T137,Retief Goosen,94,7.25,14.534,168,33,Y2014
T137,T137,James Hahn,82,7.25,12.062,139,145,Y2014
T137,T137,Marc Leishman,81,7.25,9.127,105,115,Y2014
T137,T137,Will MacKenzie,82,7.25,12.251,141,134,Y2014
T137,T137,Michael Putnam,106,7.25,14.184,163,122,Y2014
T137,T137,Brian Stuard,91,7.25,13.445,154,41,Y2014
T137,T137,Brendon Todd,108,7.25,13.713,158,7,Y2014
T145,T145,Ken Duke,80,7.333333333,10.989,125,109,Y2014
T145,T145,Derek Ernst,80,7.333333333,12.88,147,173,Y2014
T145,T145,Martin Flores,85,7.333333333,12.713,145,111,Y2014
T145,T145,Chris Kirk,105,7.333333333,15.579,178,9,Y2014
T145,T145,Kevin Stadler,90,7.333333333,10.717,122,159,Y2014
T145,T145,Michael Thompson,74,7.333333333,11.787,134,90,Y2014
T151,T151,J.J. Henry,91,7.416666667,16.012,179,121,Y2014
T151,T151,Hunter Mahan,88,7.416666667,10.182,115,148,Y2014
T153,T153,David Lingmerth,80,7.5,12.113,135,151,Y2014
T153,T153,Scott Stallings,77,7.5,9.27,103,154,Y2014
T153,T153,Andrew Svoboda,77,7.5,13.853,154,77,Y2014
T156,T156,Jason Dufner,57,7.583333333,5.735,63,166,Y2014
T156,T156,Robert Garrigus,80,7.583333333,13.233,146,116,Y2014
T156,T156,Lucas Glover,68,7.583333333,9.422,103,176,Y2014
T156,T156,Richard Lee,80,7.583333333,12.331,135,32,Y2014
T156,T156,John Peterson,62,7.583333333,11.643,128,134,Y2014
T156,T156,Willy Wilcox,51,7.583333333,8.839,97,81,Y2014
T162,T162,Sangmoon Bae,76,7.666666667,12.636,138,112,Y2014
T162,T162,Lee Westwood,57,7.666666667,7.862,85,127,Y2014
164,164,Briny Baird,50,7.75,8.977,97,118,Y2014
T165,T165,Spencer Levin,59,7.833333333,9.682,103,55,Y2014
T165,T165,Troy Matteson,62,7.833333333,11.557,123,168,Y2014
T167,T167,Chesson Hadley,84,7.916666667,10.146,107,153,Y2014
T167,T167,George McNeill,79,7.916666667,11.806,124,97,Y2014
T167,T167,Hudson Swafford,75,7.916666667,11.838,124,169,Y2014
T170,T170,Jason Kokrak,65,8,12.57,131,59,Y2014
T170,T170,Kyle Stanley,87,8,12.954,135,167,Y2014
T170,T170,Josh Teater,90,8,14.617,153,102,Y2014
173,173,Chad Campbell,57,8.166666667,8.902,91,51,Y2014
T174,T174,Ángel Cabrera,69,8.416666667,10.981,109,161,Y2014
T174,T174,Tommy Gainey,73,8.416666667,13.548,134,174,Y2014
176,176,Danny Lee,84,9.083333333,16.745,153,105,Y2014
177,177,Justin Hicks,103,9.666666667,16.906,146,146,Y2014
