RANK_THIS_WEEK,RANK_LAST_WEEK,PLAYER_NAME,ROUNDS,PERC,NUM_SAVES,NUM_BUNKERS,TOTAL_O_U_PAR,YEAR
1,,Ben Crane,65,66,66,100,20,Y2018
2,,Louis Oosthuizen,62,64.29,72,112,25,Y2018
3,,Webb Simpson,95,62.91,95,151,31,Y2018
4,,Jason Day,75,62.5,85,136,32,Y2018
5,,Whee Kim,93,61.82,102,165,37,Y2018
6,,Zac Blair,64,61.63,53,86,24,Y2018
7,,Kevin Na,91,61.49,91,148,30,Y2018
8,,Justin Rose,70,61.16,74,121,22,Y2018
9,,Seamus Power,86,60.94,78,128,29,Y2018
10,,Matt Kuchar,88,60.81,90,148,40,Y2018
11,,Rory Sabbatini,91,60.67,108,178,28,Y2018
12,,Rickie Fowler,74,60.5,72,119,21,Y2018
13,,Rob Oppenheim,74,60,66,110,29,Y2018
14,,Alex Cejka,77,59.35,73,123,34,Y2018
15,,Phil Mickelson,90,58.6,92,157,39,Y2018
16,,Ben Martin,64,57.69,75,130,34,Y2018
17,,D.A. Points,63,57.66,64,111,45,Y2018
18,,Jonathan Byrd,70,57.65,49,85,21,Y2018
19,,Bill Haas,76,57.26,71,124,27,Y2018
20,,Aaron Baddeley,84,57.04,77,135,35,Y2018
21,,Rafa Cabrera Bello,75,56.9,66,116,35,Y2018
22,,Peter Malnati,87,56.69,89,157,57,Y2018
23,,Patrick Reed,94,56.68,106,187,38,Y2018
24,,Brandt Snedeker,84,56.67,85,150,48,Y2018
25,,Cameron Smith,85,56.52,91,161,41,Y2018
26,,Charles Howell III,104,55.76,92,165,45,Y2018
27,,Scott Stallings,96,55.63,89,160,40,Y2018
28,,Danny Lee,88,55.62,99,178,41,Y2018
T29,,Henrik Stenson,60,55.56,40,72,21,Y2018
T29,,Nick Taylor,94,55.56,75,135,38,Y2018
31,,Emiliano Grillo,94,54.84,85,155,40,Y2018
32,,Cameron Percy,56,54.79,40,73,24,Y2018
33,,Tyrrell Hatton,58,54.65,47,86,33,Y2018
34,,J.B. Holmes,77,54.55,84,154,30,Y2018
35,,Paul Casey,74,54.46,55,101,34,Y2018
36,,Bud Cauley,55,54.37,56,103,29,Y2018
37,,Justin Thomas,91,54.29,76,140,27,Y2018
38,,Peter Uihlein,83,54.24,64,118,36,Y2018
39,,Beau Hossler,104,54.19,97,179,40,Y2018
40,,Abraham Ancer,98,54.12,92,170,33,Y2018
41,,Jonathan Randolph,71,54.03,67,124,44,Y2018
42,,Chris Kirk,108,54.01,101,187,38,Y2018
43,,Patrick Cantlay,87,53.91,62,115,23,Y2018
44,,Brooks Koepka,64,53.76,50,93,23,Y2018
45,,Austin Cook,107,53.45,93,174,54,Y2018
T46,,Brandon Harkins,101,53.42,86,161,53,Y2018
T46,,Chris Stroud,81,53.42,78,146,47,Y2018
T48,,Jamie Lovemark,92,53.33,96,180,43,Y2018
T48,,Jimmy Walker,81,53.33,80,150,49,Y2018
50,,William McGirt,84,53.28,73,137,42,Y2018
51,,Brian Gay,103,53.1,77,145,55,Y2018
52,,Zach Johnson,94,52.98,80,151,38,Y2018
53,,Cameron Tringale,67,52.81,47,89,32,Y2018
54,,Johnson Wagner,75,52.75,48,91,16,Y2018
55,,Blayne Barber,69,52.73,58,110,38,Y2018
56,,Ryan Armour,109,52.54,93,177,59,Y2018
57,,Daniel Summerhays,51,52.44,43,82,38,Y2018
58,,Rory McIlroy,64,52.43,54,103,26,Y2018
59,,Luke List,98,52.22,94,180,35,Y2018
60,,Russell Knox,94,52.21,71,136,38,Y2018
61,,Dustin Johnson,77,52.17,48,92,24,Y2018
62,,Jonas Blixt,67,52.13,49,94,26,Y2018
63,,Hideki Matsuyama,75,52.04,51,98,40,Y2018
64,,Harold Varner III,91,51.95,80,154,33,Y2018
T65,,Joel Dahmen,93,51.85,70,135,31,Y2018
T65,,Alex Noren,67,51.85,56,108,28,Y2018
67,,Sam Saunders,80,51.75,74,143,46,Y2018
T68,,Billy Horschel,86,51.72,60,116,37,Y2018
T68,,Patrick Rodgers,97,51.72,75,145,40,Y2018
T70,,Tommy Fleetwood,73,51.67,62,120,46,Y2018
T70,,Si Woo Kim,108,51.67,108,209,65,Y2018
72,,Ricky Barnes,65,51.65,47,91,30,Y2018
73,,Lucas Glover,65,51.61,64,124,36,Y2018
T74,,Talor Gooch,78,51.52,68,132,37,Y2018
T74,,Hudson Swafford,73,51.52,51,99,27,Y2018
76,,Ollie Schniederjans,91,51.48,87,169,64,Y2018
77,,Anirban Lahiri,82,51.46,88,171,55,Y2018
78,,Matt Jones,70,51.38,56,109,38,Y2018
79,,Jordan Spieth,81,51.33,58,113,29,Y2018
80,,Kyle Thompson,50,51.28,40,78,24,Y2018
81,,"Ted Potter, Jr.",87,51.27,81,158,60,Y2018
82,,Sean O'Hair,67,51.09,70,137,47,Y2018
83,,Jason Dufner,71,50.94,54,106,31,Y2018
84,,Shane Lowry,64,50.54,47,93,26,Y2018
85,,Martin Laird,73,50.48,53,105,31,Y2018
86,,Greg Chalmers,56,50.44,57,113,50,Y2018
87,,Lanto Griffin,80,50.43,59,117,46,Y2018
88,,Ian Poulter,73,50.42,60,119,49,Y2018
89,,Adam Scott,78,50.38,67,133,50,Y2018
90,,Sung Kang,89,50.34,75,149,64,Y2018
T91,,Chad Campbell,87,50,71,142,57,Y2018
T91,,Roberto Díaz,72,50,68,136,49,Y2018
T91,,J.T. Poston,73,50,56,112,40,Y2018
94,,Tom Lovelady,87,49.65,71,143,48,Y2018
95,,Wesley Bryan,69,49.58,59,119,48,Y2018
96,,Kevin Tway,110,49.44,89,180,46,Y2018
97,,Tom Hoge,101,49.36,77,156,51,Y2018
98,,Stewart Cink,87,49.29,69,140,49,Y2018
99,,Charl Schwartzel,65,49.26,67,136,42,Y2018
100,,Xinjun Zhang,81,49.23,64,130,44,Y2018
101,,Tyrone Van Aswegen,101,49.01,74,151,47,Y2018
102,,Billy Hurley III,70,48.96,47,96,35,Y2018
103,,Byeong Hun An,86,48.85,64,131,44,Y2018
T104,,Matt Every,79,48.84,63,129,53,Y2018
T104,,Michael Kim,74,48.84,63,129,45,Y2018
106,,Marc Leishman,93,48.81,82,168,55,Y2018
107,,Andrew Putnam,97,48.8,61,125,39,Y2018
108,,Cody Gribble,71,48.72,57,117,47,Y2018
109,,Bryson DeChambeau,93,48.67,73,150,47,Y2018
T110,,Keith Mitchell,99,48.61,70,144,42,Y2018
T110,,Michael Thompson,62,48.61,35,72,22,Y2018
112,,Nate Lashley,51,48.57,34,70,21,Y2018
113,,Jon Rahm,71,48.54,50,103,25,Y2018
114,,James Hahn,85,48.48,64,132,41,Y2018
115,,Troy Merritt,89,48.47,79,163,49,Y2018
116,,David Lingmerth,82,48.41,61,126,51,Y2018
117,,Xander Schauffele,96,48.4,91,188,49,Y2018
118,,Brett Stegmaier,67,48.28,28,58,20,Y2018
T119,,Conrad Shindler,60,48.15,39,81,32,Y2018
T119,,Tiger Woods,68,48.15,52,108,33,Y2018
121,,Brian Stuard,103,48.03,73,152,67,Y2018
122,,Brendan Steele,74,48,48,100,34,Y2018
123,,Trey Mullinax,75,47.97,59,123,41,Y2018
124,,Aaron Wise,90,47.92,69,144,47,Y2018
125,,Francesco Molinari,73,47.9,57,119,37,Y2018
126,,Steve Wheatcroft,60,47.73,42,88,35,Y2018
127,,Vaughn Taylor,83,47.65,71,149,65,Y2018
T128,,David Hearn,66,47.62,40,84,30,Y2018
T128,,Martin Piller,79,47.62,70,147,63,Y2018
130,,Shawn Stefani,76,47.5,57,120,42,Y2018
131,,Branden Grace,67,47.46,56,118,38,Y2018
132,,Graeme McDowell,67,47.37,54,114,36,Y2018
133,,Adam Hadwin,92,47.34,80,169,47,Y2018
134,,Daniel Berger,81,47.33,62,131,50,Y2018
135,,Kevin Streelman,94,47.24,77,163,52,Y2018
136,,Brian Harman,94,47.22,68,144,42,Y2018
137,,Pat Perez,82,47.2,59,125,48,Y2018
138,,Ryan Moore,78,47.14,66,140,43,Y2018
139,,John Huh,94,47.06,72,153,62,Y2018
140,,Stephan Jaeger,81,46.97,62,132,56,Y2018
141,,Kiradech Aphibarnrat,51,46.88,45,96,39,Y2018
142,,Patton Kizzire,92,46.83,59,126,43,Y2018
143,,Zecheng Dou,53,46.51,40,86,30,Y2018
144,,Jim Furyk,50,46.25,37,80,37,Y2018
145,,Kyle Stanley,93,46.2,73,158,49,Y2018
T146,,Denny McCarthy,71,46.15,42,91,31,Y2018
T146,,Ryan Palmer,69,46.15,60,130,42,Y2018
148,,Chesson Hadley,103,46.1,71,154,59,Y2018
149,,Bronson Burgoon,69,45.95,51,111,32,Y2018
150,,Matt Atkins,56,45.65,42,92,35,Y2018
151,,Keegan Bradley,98,45.2,80,177,64,Y2018
152,,Charley Hoffman,87,45.14,65,144,60,Y2018
153,,Robert Streb,78,45,63,140,70,Y2018
154,,Scott Piercy,84,44.96,58,129,49,Y2018
155,,Kelly Kraft,94,44.94,71,158,70,Y2018
156,,Dominic Bozzelli,65,44.8,56,125,54,Y2018
T157,,Harris English,84,44.67,67,150,44,Y2018
T157,,Ben Silverman,90,44.67,67,150,61,Y2018
159,,Tony Finau,105,44.38,75,169,50,Y2018
160,,Corey Conners,97,44.27,58,131,46,Y2018
161,,Bubba Watson,90,44.2,61,138,46,Y2018
162,,Kevin Chappell,77,44.07,52,118,49,Y2018
163,,Kevin Kisner,89,44,55,125,47,Y2018
164,,Nicholas Lindheim,77,43.96,40,91,36,Y2018
165,,Grayson Murray,72,43.93,76,173,67,Y2018
166,,J.J. Spaun,85,43.9,54,123,52,Y2018
167,,Nick Watney,94,43.79,74,169,51,Y2018
168,,Derek Fathauer,84,43.62,65,149,68,Y2018
169,,Sam Ryder,82,43.48,50,115,36,Y2018
170,,Richy Werenski,98,43.33,65,150,69,Y2018
T171,,Robert Garrigus,80,43.2,54,125,41,Y2018
T171,,Fabián Gómez,88,43.2,54,125,53,Y2018
T171,,Rod Pampling,62,43.2,54,125,53,Y2018
174,,Chez Reavie,93,43.06,62,144,62,Y2018
175,,Scott Brown,102,42.86,69,161,68,Y2018
176,,Andrew Landry,82,42.64,55,129,47,Y2018
177,,Russell Henley,77,42.54,57,134,58,Y2018
178,,Adam Schenk,86,42.36,61,144,51,Y2018
179,,J.J. Henry,81,42.22,38,90,37,Y2018
180,,C.T. Pan,104,42.07,61,145,52,Y2018
181,,Retief Goosen,60,41.89,31,74,31,Y2018
182,,Mackenzie Hughes,80,41.74,48,115,50,Y2018
183,,Ryan Blaum,81,41.54,54,130,48,Y2018
184,,Gary Woodland,96,41.49,78,188,70,Y2018
185,,Brice Garnett,99,41.43,58,140,52,Y2018
186,,Hunter Mahan,67,40.95,43,105,43,Y2018
187,,Jason Kokrak,99,40.88,65,159,60,Y2018
188,,Martin Flores,92,40.65,63,155,73,Y2018
189,,Jhonattan Vegas,92,39.64,67,169,83,Y2018
190,,Satoshi Kodaira,51,39.53,34,86,45,Y2018
191,,Ethan Tracy,72,34.86,38,109,51,Y2018
192,,Andrew Yun,51,34.33,23,67,37,Y2018
193,,Tyler Duncan,97,32.43,48,148,67,Y2018
1,1,Rickie Fowler,78,67.69,88,130,14,Y2017
2,2,Luke Donald,50,64.44,58,90,29,Y2017
3,3,Rory McIlroy,51,64.06,41,64,8,Y2017
4,4,Adam Hadwin,98,62.15,110,177,33,Y2017
5,5,Seung-Yul Noh,91,61.9,78,126,23,Y2017
6,6,Webb Simpson,102,61.39,97,158,36,Y2017
7,7,Gary Woodland,94,61.21,71,116,14,Y2017
8,8,Tim Wilkinson,64,61.05,58,95,28,Y2017
9,9,Tyrone Van Aswegen,105,60.78,93,153,35,Y2017
10,10,Louis Oosthuizen,69,60.42,58,96,26,Y2017
11,11,Jon Rahm,90,60,81,135,25,Y2017
12,12,Ian Poulter,72,59.29,67,113,24,Y2017
13,13,Brian Harman,104,58.47,107,183,44,Y2017
14,14,Aaron Baddeley,61,58.42,59,101,15,Y2017
15,15,Jimmy Walker,68,58.41,66,113,39,Y2017
16,16,Harris English,84,58.26,67,115,31,Y2017
17,17,Charl Schwartzel,63,58.24,53,91,20,Y2017
18,18,Michael Thompson,60,58.16,57,98,28,Y2017
19,19,Tom Hoge,54,58.06,36,62,17,Y2017
20,20,Steven Bowditch,59,57.8,63,109,49,Y2017
21,21,Geoff Ogilvy,80,57.5,69,120,46,Y2017
22,22,Bryce Molder,74,57.24,83,145,46,Y2017
23,23,John Huh,92,57.23,99,173,40,Y2017
T24,T24,Brian Campbell,55,57.14,44,77,24,Y2017
T24,T24,Matt Jones,64,57.14,56,98,16,Y2017
26,26,Brandt Snedeker,53,56.96,45,79,18,Y2017
27,27,Matt Kuchar,95,56.62,77,136,41,Y2017
28,28,Justin Rose,66,56.52,65,115,18,Y2017
29,29,Wesley Bryan,95,56.46,83,147,56,Y2017
30,30,Zac Blair,105,56.29,85,151,51,Y2017
31,31,Nick Watney,75,56.1,46,82,11,Y2017
32,32,Jordan Spieth,85,55.91,52,93,18,Y2017
33,33,Vaughn Taylor,90,55.8,77,138,35,Y2017
34,34,Seamus Power,86,55.74,68,122,32,Y2017
35,35,David Lingmerth,79,55.38,72,130,39,Y2017
36,36,David Hearn,93,55.35,88,159,57,Y2017
37,37,Jonas Blixt,74,55.28,89,161,52,Y2017
38,38,Pat Perez,93,55.26,84,152,48,Y2017
39,39,Hunter Mahan,73,55.22,74,134,41,Y2017
40,40,C.T. Pan,88,54.93,78,142,30,Y2017
41,41,Brandon Hagy,85,54.69,70,128,36,Y2017
T42,T42,Jason Day,71,54.55,54,99,34,Y2017
T42,T42,Ollie Schniederjans,92,54.55,84,154,46,Y2017
T44,T44,Ben Crane,86,54.48,73,134,40,Y2017
T44,T44,Emiliano Grillo,90,54.48,73,134,32,Y2017
T46,T46,Francesco Molinari,75,54.44,49,90,20,Y2017
T46,T46,Adam Scott,58,54.44,49,90,16,Y2017
48,48,Morgan Hoffmann,92,54.43,86,158,57,Y2017
49,49,Kevin Na,86,54.2,71,131,40,Y2017
50,50,Brian Gay,82,54.17,65,120,50,Y2017
51,51,Bill Haas,92,54.01,74,137,27,Y2017
52,52,Nicholas Lindheim,58,53.93,48,89,32,Y2017
53,53,Marc Leishman,94,53.74,79,147,42,Y2017
54,54,Sam Saunders,76,53.7,58,108,42,Y2017
T55,T55,Andres Gonzales,73,53.68,51,95,19,Y2017
T55,T55,Danny Lee,93,53.68,73,136,29,Y2017
57,57,Michael Kim,94,53.52,76,142,46,Y2017
58,58,Whee Kim,74,53.4,55,103,29,Y2017
59,59,Phil Mickelson,85,53.33,72,135,48,Y2017
60,60,Jamie Lovemark,98,53.22,91,171,45,Y2017
61,61,Chad Collins,66,53.21,58,109,44,Y2017
62,62,Sergio Garcia,65,53.15,59,111,26,Y2017
63,63,Trey Mullinax,88,53.1,60,113,33,Y2017
64,64,Peter Malnati,91,53.06,78,147,49,Y2017
65,65,Chad Campbell,97,52.99,62,117,29,Y2017
T66,T66,Rafa Cabrera Bello,63,52.94,54,102,32,Y2017
T66,T66,Cameron Percy,71,52.94,45,85,31,Y2017
T66,T66,Cameron Tringale,89,52.94,63,119,40,Y2017
69,69,Ben Martin,86,52.9,82,155,49,Y2017
70,70,Troy Merritt,82,52.88,55,104,35,Y2017
T71,T71,Charley Hoffman,112,52.85,102,193,50,Y2017
T71,T71,Xander Schauffele,96,52.85,65,123,40,Y2017
73,73,Scott Brown,95,52.7,78,148,51,Y2017
74,74,Zach Johnson,81,52.5,63,120,43,Y2017
75,75,Chez Reavie,98,52.35,78,149,55,Y2017
T76,T76,Retief Goosen,52,52.31,34,65,24,Y2017
T76,T76,Anirban Lahiri,72,52.31,68,130,42,Y2017
78,78,Rory Sabbatini,71,52.04,51,98,27,Y2017
79,79,Ken Duke,77,52.03,64,123,51,Y2017
80,80,Tony Finau,106,52,78,150,49,Y2017
81,81,Kevin Kisner,105,51.82,71,137,46,Y2017
82,82,Grayson Murray,94,51.57,82,159,55,Y2017
83,83,Hudson Swafford,94,51.53,84,163,52,Y2017
84,84,Johnson Wagner,71,51.49,52,101,34,Y2017
85,85,Sung Kang,104,51.45,89,173,56,Y2017
86,86,Sean O'Hair,84,51.43,72,140,44,Y2017
T87,T87,Fabián Gómez,61,51.35,57,111,43,Y2017
T87,T87,Charles Howell III,86,51.35,57,111,41,Y2017
89,89,Mark Anderson,54,51.28,40,78,27,Y2017
90,90,Chris Kirk,89,51.26,61,119,31,Y2017
91,91,Patrick Cantlay,52,51.14,45,88,23,Y2017
92,92,Patrick Reed,107,51.12,91,178,62,Y2017
93,93,K.J. Choi,72,51.09,47,92,32,Y2017
94,94,Ricky Barnes,100,51.05,73,143,50,Y2017
95,95,Graeme McDowell,56,51.02,50,98,31,Y2017
96,96,Steven Alker,69,50.96,53,104,39,Y2017
97,97,Ryan Blaum,100,50.74,69,136,49,Y2017
98,98,Ernie Els,52,50.55,46,91,38,Y2017
99,99,Hideki Matsuyama,83,50.46,55,109,35,Y2017
100,100,Blayne Barber,77,50.43,58,115,46,Y2017
101,101,Mark Hubbard,81,50.39,64,127,55,Y2017
T102,T102,Greg Chalmers,75,50,72,144,58,Y2017
T102,T102,Brett Drewitt,57,50,34,68,22,Y2017
T102,T102,Martin Flores,88,50,56,112,33,Y2017
T102,T102,Patton Kizzire,84,50,62,124,51,Y2017
106,106,Kevin Streelman,90,49.66,72,145,53,Y2017
107,107,Cody Gribble,79,49.61,64,129,53,Y2017
108,108,Justin Thomas,86,49.53,53,107,34,Y2017
109,109,Branden Grace,70,49.46,46,93,46,Y2017
110,110,Roberto Castro,70,49.45,45,91,42,Y2017
111,111,Lucas Glover,93,49.33,74,150,52,Y2017
112,112,Byeong Hun An,77,49.24,65,132,39,Y2017
113,113,Cameron Smith,86,49.18,60,122,45,Y2017
114,114,Søren Kjeldsen,58,48.98,48,98,38,Y2017
115,115,Si Woo Kim,80,48.94,69,141,59,Y2017
116,116,Ryo Ishikawa,56,48.91,45,92,30,Y2017
117,117,Daniel Summerhays,100,48.84,84,172,60,Y2017
118,118,Rick Lamb,54,48.78,40,82,33,Y2017
119,119,Kyle Reifers,96,48.73,77,158,49,Y2017
120,120,Sebastián Muñoz,51,48.72,38,78,25,Y2017
121,121,Smylie Kaufman,76,48.67,55,113,38,Y2017
122,122,Robert Garrigus,78,48.51,49,101,36,Y2017
123,123,Keegan Bradley,104,48.48,80,165,55,Y2017
124,124,Shane Lowry,52,48.44,31,64,27,Y2017
125,125,Brad Fritsch,56,48.19,40,83,39,Y2017
126,126,Brooks Koepka,88,48.15,65,135,45,Y2017
127,127,Carl Pettersson,63,48,48,100,45,Y2017
T128,T128,James Hahn,96,47.97,71,148,50,Y2017
T128,T128,Harold Varner III,101,47.97,71,148,53,Y2017
130,130,Spencer Levin,89,47.86,56,117,52,Y2017
131,131,Ryan Brehm,83,47.83,44,92,24,Y2017
132,132,Rod Pampling,71,47.79,65,136,56,Y2017
133,133,Kyle Stanley,104,47.73,84,176,52,Y2017
134,134,Nick Taylor,97,47.71,73,153,38,Y2017
135,135,Bryson DeChambeau,91,47.59,69,145,47,Y2017
136,136,Gonzalo Fernandez-Castaño,63,47.56,39,82,25,Y2017
137,137,D.A. Points,68,47.47,47,99,41,Y2017
138,138,Bubba Watson,71,47.31,44,93,33,Y2017
139,139,Ryan Moore,82,47.3,70,148,59,Y2017
140,140,Tag Ridings,67,47.25,43,91,22,Y2017
141,141,Martin Laird,83,47.15,58,123,49,Y2017
142,142,Brian Stuard,93,47.1,65,138,66,Y2017
143,143,Mackenzie Hughes,106,47.02,71,151,43,Y2017
144,144,Camilo Villegas,76,46.96,54,115,55,Y2017
145,145,William McGirt,89,46.67,56,120,36,Y2017
146,146,Alex Cejka,85,46.55,54,116,50,Y2017
147,147,Luke List,102,46.43,78,168,68,Y2017
148,148,Bud Cauley,92,46.38,64,138,43,Y2017
149,149,Russell Henley,99,46.36,70,151,64,Y2017
150,150,Jonathan Randolph,68,46.08,47,102,38,Y2017
151,151,Shawn Stefani,72,45.71,48,105,27,Y2017
152,152,Kevin Tway,96,45.7,69,151,44,Y2017
153,153,Robert Streb,98,45.66,79,173,84,Y2017
T154,T154,Chris Stroud,67,45.54,46,101,45,Y2017
T154,T154,Steve Wheatcroft,51,45.54,46,101,36,Y2017
T156,T156,Miguel Angel Carballo,63,45.45,40,88,36,Y2017
T156,T156,J.J. Spaun,92,45.45,60,132,66,Y2017
158,158,Jhonattan Vegas,95,45.31,58,128,36,Y2017
159,159,Brendan Steele,89,45.22,52,115,49,Y2017
160,160,Billy Horschel,88,44.8,56,125,54,Y2017
161,161,Richy Werenski,81,44.74,51,114,47,Y2017
162,162,Dustin Johnson,77,44.71,38,85,26,Y2017
163,163,Boo Weekley,75,44.64,50,112,40,Y2017
164,164,Brett Stegmaier,78,44.57,41,92,47,Y2017
165,165,Derek Fathauer,81,44.37,63,142,76,Y2017
166,166,Scott Stallings,81,44.26,54,122,44,Y2017
167,167,Ryan Palmer,61,44.16,34,77,29,Y2017
168,168,Billy Hurley III,80,43.48,50,115,55,Y2017
169,169,Dominic Bozzelli,69,43.24,48,111,39,Y2017
170,170,Jason Dufner,89,43.09,53,123,60,Y2017
171,171,Daniel Berger,91,43.08,56,130,52,Y2017
172,172,Julián Etulain,68,42.86,42,98,37,Y2017
173,173,J.B. Holmes,83,42.71,41,96,39,Y2017
174,174,Kelly Kraft,75,42.66,61,143,73,Y2017
175,175,Jim Furyk,54,42.59,23,54,26,Y2017
176,176,Kevin Chappell,95,42.34,58,137,59,Y2017
177,177,J.T. Poston,95,42.06,53,126,51,Y2017
178,178,Matt Every,76,41.27,52,126,56,Y2017
179,179,J.J. Henry,92,40.32,50,124,60,Y2017
180,180,Graham DeLaet,82,40,44,110,33,Y2017
181,181,Patrick Rodgers,76,39.82,45,113,38,Y2017
182,182,Andrew Loupe,55,39.8,39,98,43,Y2017
183,183,Jason Bohn,75,39.56,36,91,43,Y2017
184,184,Stewart Cink,93,39.34,48,122,51,Y2017
185,185,Paul Casey,94,38.79,45,116,47,Y2017
186,186,Russell Knox,75,38.26,44,115,45,Y2017
187,187,Scott Piercy,70,38.1,40,105,52,Y2017
188,188,Jim Herman,77,37.59,50,133,57,Y2017
189,189,Ryan Armour,63,37.33,28,75,36,Y2017
190,190,Jason Kokrak,95,36.43,51,140,63,Y2017
1,1,Sean O'Hair,89,62.42,93,149,29,Y2016
2,2,Jason Day,76,62.26,66,106,23,Y2016
3,3,Phil Mickelson,75,61.54,80,130,29,Y2016
4,4,Jonas Blixt,79,61.29,95,155,31,Y2016
5,5,Aaron Baddeley,93,61.07,91,149,29,Y2016
6,6,Jon Curran,99,61.05,116,190,64,Y2016
7,7,Brendon Todd,66,59.48,69,116,40,Y2016
8,8,John Huh,86,59.44,85,143,33,Y2016
9,9,Robert Allenby,51,59.15,42,71,24,Y2016
10,10,Tyrone Van Aswegen,105,58.96,102,173,51,Y2016
11,11,Bryce Molder,80,58.27,81,139,37,Y2016
12,12,Martin Piller,59,58.23,46,79,37,Y2016
T13,T13,Sergio Garcia,54,57.83,48,83,14,Y2016
T13,T13,Padraig Harrington,54,57.83,48,83,23,Y2016
T13,T13,Michael Kim,100,57.83,96,166,50,Y2016
16,16,David Toms,62,57.47,50,87,37,Y2016
17,17,Steven Bowditch,71,57.43,85,148,58,Y2016
18,18,Chris Kirk,90,57.42,89,155,51,Y2016
19,19,Stuart Appleby,71,57.27,63,110,33,Y2016
20,20,Brandt Snedeker,93,57.14,80,140,32,Y2016
T21,T21,Russell Henley,76,56.8,71,125,32,Y2016
T21,T21,Danny Lee,93,56.8,96,169,59,Y2016
23,23,Patrick Reed,105,56.71,93,164,36,Y2016
24,24,Ben Crane,80,56.59,73,129,35,Y2016
25,25,Dicky Pride,55,56.57,56,99,28,Y2016
26,26,Kyle Reifers,115,56.5,100,177,28,Y2016
27,27,K.J. Choi,73,56.25,81,144,49,Y2016
28,28,Luke Donald,81,56.16,82,146,34,Y2016
29,29,Tim Wilkinson,72,56.1,46,82,23,Y2016
30,30,Brendan Steele,88,55.96,61,109,24,Y2016
31,31,Justin Rose,65,55.46,66,119,34,Y2016
32,32,Hiroshi Iwata,85,55.41,87,157,60,Y2016
33,33,Cameron Smith,73,55.34,57,103,46,Y2016
T34,T34,Chad Campbell,90,55.32,78,141,38,Y2016
T34,T34,Marc Leishman,89,55.32,78,141,38,Y2016
36,36,Brian Harman,104,55.26,105,190,58,Y2016
T37,T37,Freddie Jacobson,86,55,77,140,59,Y2016
T37,T37,Mark Wilson,66,55,44,80,26,Y2016
39,39,Adam Hadwin,93,54.78,86,157,43,Y2016
40,40,Jordan Spieth,80,54.7,64,117,39,Y2016
41,41,Matt Kuchar,100,54.61,83,152,46,Y2016
42,42,Fabián Gómez,82,54.55,78,143,37,Y2016
43,43,Luke List,79,54.4,68,125,40,Y2016
44,44,Brian Stuard,66,54.35,50,92,34,Y2016
45,45,Alex Cejka,71,54.32,44,81,16,Y2016
46,46,Steve Stricker,53,54.26,51,94,33,Y2016
47,47,J.B. Holmes,77,53.91,69,128,39,Y2016
48,48,Jerry Kelly,76,53.85,63,117,47,Y2016
49,49,David Hearn,95,53.73,72,134,52,Y2016
50,50,Mark Hubbard,101,53.72,101,188,57,Y2016
51,51,Zach Johnson,90,53.68,73,136,44,Y2016
T52,T52,Troy Merritt,77,53.44,70,131,55,Y2016
T52,T52,Webb Simpson,70,53.44,70,131,40,Y2016
54,54,Chez Reavie,90,53.24,74,139,40,Y2016
55,55,Tyler Aldridge,83,53.21,58,109,38,Y2016
56,56,Retief Goosen,55,53.19,50,94,28,Y2016
57,57,Louis Oosthuizen,63,53,53,100,28,Y2016
58,58,Hideki Matsuyama,76,52.99,62,117,30,Y2016
59,59,Seung-Yul Noh,85,52.94,72,136,53,Y2016
60,60,Smylie Kaufman,91,52.87,83,157,51,Y2016
61,61,Scott Langley,65,52.73,58,110,32,Y2016
62,62,Brendon de Jonge,83,52.71,68,129,37,Y2016
63,63,Scott Piercy,87,52.63,80,152,41,Y2016
64,64,Erik Compton,65,52.59,61,116,38,Y2016
65,65,Hunter Mahan,61,52.58,51,97,35,Y2016
66,66,Michael Thompson,71,52.44,43,82,27,Y2016
67,67,Chad Collins,73,52.42,65,124,51,Y2016
68,68,Ricky Barnes,97,52.38,77,147,43,Y2016
T69,T69,Jamie Lovemark,91,52.23,82,157,43,Y2016
T69,T69,Justin Thomas,99,52.23,82,157,48,Y2016
71,71,Rickie Fowler,80,52.03,64,123,35,Y2016
72,72,Brooks Koepka,75,51.75,59,114,39,Y2016
73,73,Shawn Stefani,91,51.49,69,134,40,Y2016
74,74,Blayne Barber,84,51.46,53,103,38,Y2016
75,75,Morgan Hoffmann,71,51.43,54,105,39,Y2016
76,76,Sung Kang,89,51.41,73,142,38,Y2016
77,77,Peter Malnati,85,51.39,74,144,54,Y2016
78,78,Charl Schwartzel,73,51.16,66,129,36,Y2016
79,79,Colt Knost,90,51.06,72,141,66,Y2016
80,80,Adam Scott,79,50.94,54,106,29,Y2016
81,81,Martin Laird,82,50.91,56,110,27,Y2016
82,82,Ryan Moore,86,50.83,61,120,44,Y2016
83,83,Si Woo Kim,113,50.79,96,189,49,Y2016
84,84,Matt Jones,83,50.75,68,134,37,Y2016
85,85,Roberto Castro,97,50.67,76,150,44,Y2016
86,86,Luke Guthrie,57,50.65,39,77,24,Y2016
87,87,Paul Casey,77,50.44,57,113,33,Y2016
88,88,Vaughn Taylor,72,50.42,60,119,44,Y2016
89,89,Charles Howell III,91,50.41,62,123,42,Y2016
90,90,Bill Haas,86,50.35,72,143,44,Y2016
T91,T91,Scott Brown,88,50,83,166,66,Y2016
T91,T91,Tom Hoge,81,50,53,106,35,Y2016
T91,T91,Russell Knox,92,50,66,132,44,Y2016
T91,T91,Henrik Norlander,71,50,47,94,34,Y2016
95,95,Steve Marino,72,49.56,56,113,36,Y2016
96,96,Billy Horschel,73,49.55,55,111,30,Y2016
97,97,George McNeill,51,49.47,47,95,39,Y2016
98,98,Branden Grace,63,49.45,45,91,35,Y2016
99,99,Harris English,97,49.32,73,148,59,Y2016
100,100,Hudson Swafford,104,49.09,81,165,55,Y2016
101,101,Graeme McDowell,63,49.04,51,104,35,Y2016
102,102,Rod Pampling,54,48.91,45,92,29,Y2016
103,103,Gary Woodland,95,48.85,64,131,41,Y2016
104,104,Jason Kokrak,89,48.7,56,115,39,Y2016
105,105,Andres Gonzales,80,48.65,54,111,49,Y2016
106,106,Rory Sabbatini,57,48.6,52,107,47,Y2016
107,107,Cameron Tringale,81,48.57,68,140,46,Y2016
108,108,Derek Ernst,59,48.42,46,95,33,Y2016
T109,T109,Zac Blair,99,48.37,89,184,74,Y2016
T109,T109,Jim Herman,93,48.37,74,153,60,Y2016
111,111,John Senden,88,48.15,65,135,55,Y2016
112,112,Charley Hoffman,91,47.97,71,148,44,Y2016
113,113,Sam Saunders,69,47.93,58,121,32,Y2016
114,114,Kelly Kraft,63,47.92,46,96,26,Y2016
115,115,William McGirt,98,47.85,89,186,55,Y2016
116,116,Emiliano Grillo,93,47.74,74,155,46,Y2016
117,117,J.J. Henry,68,47.73,42,88,28,Y2016
118,118,Bronson Burgoon,83,47.71,52,109,32,Y2016
119,119,Rory McIlroy,69,47.52,48,101,34,Y2016
120,120,Bubba Watson,72,47.32,53,112,39,Y2016
121,121,Shane Lowry,57,47.19,42,89,33,Y2016
122,122,Chesson Hadley,81,47.14,66,140,54,Y2016
123,123,Rhein Gibson,58,46.97,31,66,25,Y2016
124,124,Billy Hurley III,66,46.88,45,96,40,Y2016
125,125,Jimmy Walker,85,46.76,65,139,44,Y2016
126,126,Abraham Ancer,51,46.75,36,77,37,Y2016
T127,T127,Tony Finau,95,46.43,78,168,52,Y2016
T127,T127,Jhonattan Vegas,97,46.43,65,140,31,Y2016
129,129,Will MacKenzie,84,46.4,58,125,46,Y2016
130,130,Spencer Levin,104,46.36,70,151,51,Y2016
131,131,Derek Fathauer,94,46.07,82,178,73,Y2016
132,132,Ryan Palmer,86,45.98,80,174,47,Y2016
T133,T133,David Lingmerth,84,45.97,57,124,57,Y2016
T133,T133,Johnson Wagner,86,45.97,57,124,47,Y2016
135,135,Jim Furyk,52,45.95,34,74,31,Y2016
136,136,Robert Streb,87,45.93,62,135,51,Y2016
T137,T137,Daniel Berger,92,45.86,72,157,36,Y2016
T137,T137,Kevin Na,96,45.86,72,157,66,Y2016
139,139,Rob Oppenheim,67,45.61,52,114,49,Y2016
140,140,Geoff Ogilvy,63,45.54,46,101,43,Y2016
141,141,Camilo Villegas,83,45.32,63,139,59,Y2016
142,142,Andrew Loupe,75,45.3,53,117,37,Y2016
143,143,Jason Dufner,105,45.28,72,159,66,Y2016
144,144,Dustin Johnson,87,45.24,57,126,46,Y2016
145,145,Nick Taylor,83,45.19,61,135,46,Y2016
146,146,Patton Kizzire,93,44.96,58,129,48,Y2016
147,147,Kevin Chappell,93,44.94,71,158,47,Y2016
148,148,Ken Duke,58,44.72,55,123,46,Y2016
149,149,Francesco Molinari,64,44.68,42,94,35,Y2016
150,150,Daniel Summerhays,99,44.51,81,182,68,Y2016
151,151,Andrew Landry,53,44.44,36,81,34,Y2016
152,152,Kevin Kisner,97,44.3,66,149,55,Y2016
153,153,Graham DeLaet,70,44.26,54,122,46,Y2016
154,154,Thomas Aiken,70,44.05,37,84,30,Y2016
155,155,Stewart Cink,61,43.82,39,89,33,Y2016
156,156,Jeff Overton,69,43.7,52,119,48,Y2016
157,157,Wes Roach,59,43.68,38,87,45,Y2016
158,158,Anirban Lahiri,72,43.55,54,124,45,Y2016
159,159,Steve Wheatcroft,85,43.38,59,136,64,Y2016
160,160,Harold Varner III,92,43.08,56,130,48,Y2016
161,161,D.A. Points,55,43.04,34,79,28,Y2016
162,162,Vijay Singh,72,42.97,55,128,51,Y2016
T163,T163,Ángel Cabrera,62,42.86,42,98,48,Y2016
T163,T163,Willy Wilcox,67,42.86,54,126,56,Y2016
165,165,Jason Gore,78,42.61,49,115,53,Y2016
166,166,Lucas Glover,75,42.59,46,108,43,Y2016
167,167,Boo Weekley,83,42.52,54,127,50,Y2016
168,168,D.H. Lee,61,42.42,42,99,49,Y2016
T169,T169,Jason Bohn,67,42.15,51,121,57,Y2016
T169,T169,Patrick Rodgers,89,42.15,51,121,46,Y2016
171,171,Whee Kim,82,41.98,55,131,49,Y2016
172,172,Ernie Els,66,41.86,54,129,43,Y2016
173,173,Kyle Stanley,92,41.73,58,139,46,Y2016
174,174,Ben Martin,92,41.67,55,132,59,Y2016
175,175,Brett Stegmaier,87,41.18,42,102,46,Y2016
176,176,Keegan Bradley,82,40.98,50,122,44,Y2016
177,177,James Hahn,85,40.97,59,144,69,Y2016
178,178,Chris Stroud,82,40.94,61,149,64,Y2016
179,179,Greg Owen,85,40.48,51,126,47,Y2016
180,180,Kevin Streelman,82,40.27,60,149,66,Y2016
181,181,Scott Pinckney,87,39.84,49,123,55,Y2016
182,182,Robert Garrigus,69,39.53,34,86,44,Y2016
183,183,Carlos Ortiz,79,38.53,42,109,50,Y2016
184,184,Scott Stallings,74,38.52,47,122,50,Y2016
185,185,Dawie van der Walt,72,38.2,34,89,42,Y2016
1,1,Kevin Na,98,63.19,91,144,37,Y2015
T2,T2,Sung Joon Park,79,63.08,82,130,35,Y2015
T2,T2,Willy Wilcox,58,63.08,41,65,13,Y2015
4,4,David Toms,62,63.04,58,92,20,Y2015
5,5,Chad Collins,79,62.81,76,121,18,Y2015
6,6,Brendon Todd,96,61.9,91,147,42,Y2015
7,7,Danny Lee,120,61.54,104,169,47,Y2015
8,8,Matt Kuchar,97,61.49,91,148,35,Y2015
9,9,Luke Donald,71,61.17,63,103,31,Y2015
10,10,Jason Day,75,61.11,66,108,11,Y2015
11,11,Louis Oosthuizen,68,60.82,59,97,7,Y2015
12,12,Justin Rose,69,60.75,65,107,23,Y2015
13,13,Chris Kirk,76,60.47,78,129,35,Y2015
14,14,Heath Slocum,57,60.44,55,91,20,Y2015
15,15,Zac Blair,108,60.39,93,154,36,Y2015
16,16,Padraig Harrington,60,59.79,58,97,27,Y2015
17,17,Jonathan Byrd,69,59.6,59,99,19,Y2015
18,18,Steven Bowditch,103,59.39,98,165,39,Y2015
19,19,Webb Simpson,81,59.2,74,125,21,Y2015
20,20,Aaron Baddeley,76,59.13,68,115,37,Y2015
T21,T21,Brandt Snedeker,98,59.04,98,166,39,Y2015
T21,T21,Lee Westwood,56,59.04,49,83,24,Y2015
23,23,Jamie Donaldson,50,58.97,46,78,26,Y2015
24,24,Jordan Spieth,91,58.14,75,129,23,Y2015
25,25,Scott Langley,94,57.94,73,126,42,Y2015
26,26,K.J. Choi,66,57.29,55,96,20,Y2015
27,27,Jon Curran,83,57.14,72,126,43,Y2015
28,28,Bill Lunde,50,56.9,33,58,11,Y2015
T29,T29,Jonas Blixt,78,56.64,64,113,36,Y2015
T29,T29,Sam Saunders,83,56.64,81,143,40,Y2015
31,31,Michael Putnam,87,56.56,69,122,30,Y2015
32,32,Zach Johnson,90,56.25,81,144,46,Y2015
33,33,Ryan Moore,81,55.86,62,111,44,Y2015
34,34,Rickie Fowler,76,55.83,67,120,38,Y2015
35,35,Brian Harman,90,55.8,77,138,45,Y2015
36,36,Kyle Reifers,96,55.63,89,160,41,Y2015
37,37,James Hahn,94,55.47,71,128,48,Y2015
38,38,Rory Sabbatini,81,55.45,61,110,41,Y2015
39,39,Colt Knost,90,55.34,57,103,33,Y2015
40,40,Carlos Ortiz,100,55.19,85,154,31,Y2015
41,41,Roberto Castro,54,54.88,45,82,19,Y2015
42,42,Chris Stroud,84,54.84,68,124,31,Y2015
43,43,Mark Wilson,89,54.63,59,108,32,Y2015
44,44,Scott Brown,97,54.2,71,131,44,Y2015
45,45,Hunter Mahan,88,54.19,84,155,44,Y2015
46,46,Brian Davis,86,54.14,85,157,60,Y2015
47,47,Matt Jones,89,54.04,87,161,37,Y2015
48,48,Chad Campbell,97,53.91,62,115,27,Y2015
49,49,Tyrone Van Aswegen,58,53.85,35,65,20,Y2015
50,50,Mark Hubbard,79,53.78,64,119,39,Y2015
T51,T51,Brooks Koepka,84,53.68,73,136,31,Y2015
T51,T51,George McNeill,93,53.68,73,136,37,Y2015
53,53,Eric Axley,57,53.54,53,99,48,Y2015
54,54,D.A. Points,72,53.49,46,86,33,Y2015
55,55,Cameron Tringale,96,53.47,77,144,44,Y2015
T56,T56,William McGirt,103,53.42,78,146,42,Y2015
T56,T56,Jimmy Walker,89,53.42,86,161,57,Y2015
58,58,Daniel Berger,97,53.38,71,133,27,Y2015
59,59,Phil Mickelson,70,53.29,81,152,48,Y2015
60,60,Stewart Cink,77,53.26,49,92,43,Y2015
61,61,David Lingmerth,90,53.24,74,139,53,Y2015
62,62,Pat Perez,96,52.86,74,140,40,Y2015
63,63,Tim Wilkinson,73,52.71,68,129,42,Y2015
64,64,Ben Crane,62,52.63,50,95,44,Y2015
65,65,Ian Poulter,68,52.54,62,118,43,Y2015
66,66,Robert Streb,110,52.53,83,158,42,Y2015
67,67,Bill Haas,89,52.5,63,120,38,Y2015
68,68,Jonathan Randolph,72,52.29,57,109,27,Y2015
69,69,Matt Every,73,52.27,69,132,50,Y2015
70,70,Patrick Reed,103,52.24,70,134,49,Y2015
71,71,Bryce Molder,91,52.03,64,123,52,Y2015
72,72,Sangmoon Bae,98,52,91,175,66,Y2015
T73,T73,Martin Laird,77,51.82,57,110,36,Y2015
T73,T73,Andrew Putnam,68,51.82,57,110,38,Y2015
T75,T75,Sean O'Hair,86,51.77,73,141,43,Y2015
T75,T75,Steve Wheatcroft,87,51.77,73,141,49,Y2015
77,77,Ernie Els,57,51.76,44,85,25,Y2015
T78,T78,Jim Herman,88,51.75,59,114,27,Y2015
T78,T78,Brendan Steele,88,51.75,59,114,30,Y2015
80,80,John Huh,102,51.63,95,184,56,Y2015
81,81,Steven Alker,62,51.61,48,93,25,Y2015
82,82,Seung-Yul Noh,65,51.55,50,97,30,Y2015
83,83,John Peterson,84,51.26,61,119,33,Y2015
84,84,Vijay Singh,78,51.16,66,129,45,Y2015
85,85,Charl Schwartzel,67,50.98,52,102,36,Y2015
86,86,Adam Hadwin,95,50.96,80,157,47,Y2015
87,87,Luke Guthrie,84,50.85,60,118,44,Y2015
88,88,Derek Fathauer,81,50.78,65,128,38,Y2015
89,89,Erik Compton,86,50.77,66,130,49,Y2015
90,90,Brian Stuard,97,50.7,72,142,53,Y2015
91,91,Greg Chalmers,58,50.63,40,79,30,Y2015
92,92,Graham DeLaet,65,50.54,47,93,35,Y2015
93,93,Jason Gore,76,50.51,50,99,30,Y2015
94,94,Nick Watney,91,50.42,60,119,33,Y2015
95,95,Martin Flores,95,50.36,69,137,40,Y2015
T96,T96,Charley Hoffman,97,50.3,85,169,52,Y2015
T96,T96,Carl Pettersson,106,50.3,84,167,75,Y2015
T98,T98,Kevin Kisner,104,50,71,142,51,Y2015
T98,T98,Adam Scott,51,50,38,76,31,Y2015
T98,T98,John Senden,80,50,68,136,40,Y2015
T98,T98,Nick Taylor,91,50,72,144,53,Y2015
102,102,Justin Thomas,106,49.64,69,139,48,Y2015
103,103,Ben Martin,93,49.59,60,121,61,Y2015
104,104,Brice Garnett,81,49.58,59,119,37,Y2015
105,105,Marc Leishman,74,49.57,57,115,36,Y2015
106,106,Chesson Hadley,101,49.44,89,180,66,Y2015
107,107,Henrik Stenson,63,49.43,43,87,22,Y2015
108,108,Ryo Ishikawa,90,49.31,71,144,40,Y2015
109,109,Scott Pinckney,88,49.17,59,120,33,Y2015
110,110,Ryan Palmer,80,49.15,58,118,51,Y2015
111,111,Lucas Glover,79,49.11,55,112,44,Y2015
112,112,Michael Thompson,83,48.92,68,139,50,Y2015
113,113,Cameron Percy,72,48.86,43,88,34,Y2015
T114,T114,Ken Duke,93,48.82,62,127,49,Y2015
T114,T114,Hideki Matsuyama,95,48.82,62,127,36,Y2015
116,116,Morgan Hoffmann,85,48.67,73,150,55,Y2015
T117,T117,J.B. Holmes,89,48.65,72,148,51,Y2015
T117,T117,Jerry Kelly,79,48.65,54,111,35,Y2015
119,119,Francesco Molinari,56,48.61,35,72,28,Y2015
120,120,Scott Stallings,60,48.39,45,93,35,Y2015
121,121,Justin Leonard,61,48.15,39,81,43,Y2015
122,122,Jeff Overton,94,48.05,74,154,63,Y2015
123,123,Jason Kokrak,88,48,72,150,40,Y2015
124,124,Billy Hurley III,83,47.93,58,121,43,Y2015
125,125,Harris English,105,47.89,68,142,47,Y2015
126,126,Kevin Streelman,95,47.1,65,138,41,Y2015
T127,T127,Blayne Barber,76,47.06,48,102,40,Y2015
T127,T127,Billy Horschel,99,47.06,64,136,34,Y2015
129,129,Ricky Barnes,82,46.92,61,130,54,Y2015
130,130,Bubba Watson,71,46.88,45,96,33,Y2015
131,131,Andres Gonzales,90,46.85,52,111,45,Y2015
132,132,Greg Owen,58,46.75,36,77,26,Y2015
133,133,Alex Cejka,94,46.67,56,120,40,Y2015
134,134,Boo Weekley,79,46.61,55,118,46,Y2015
135,135,Daniel Summerhays,101,46.58,75,161,52,Y2015
136,136,Nicholas Thompson,90,46.28,56,121,47,Y2015
137,137,Jason Bohn,95,46.15,60,130,47,Y2015
138,138,Roger Sloan,56,46.03,29,63,30,Y2015
139,139,Kevin Chappell,86,45.93,62,135,55,Y2015
140,140,Troy Merritt,91,45.89,67,146,63,Y2015
141,141,Andres Romero,69,45.87,50,109,47,Y2015
142,142,Jhonattan Vegas,90,45.79,49,107,34,Y2015
143,143,Shawn Stefani,94,45.65,63,138,43,Y2015
144,144,Sergio Garcia,59,45.56,41,90,29,Y2015
145,145,Gonzalo Fernandez-Castaño,81,45.45,60,132,45,Y2015
146,146,Brendon de Jonge,106,45.28,72,159,54,Y2015
147,147,Russell Henley,87,45.19,61,135,53,Y2015
148,148,Tony Finau,106,45.1,69,153,57,Y2015
149,149,Camilo Villegas,83,45.03,68,151,67,Y2015
150,150,Byron Smith,59,45,27,60,22,Y2015
151,151,Keegan Bradley,87,44.88,57,127,52,Y2015
152,152,Jim Furyk,71,44.59,33,74,23,Y2015
153,153,Whee Kim,71,44.57,41,92,38,Y2015
154,154,Retief Goosen,81,44.55,49,110,43,Y2015
155,155,Johnson Wagner,68,44.44,36,81,30,Y2015
156,156,Oscar Fraustro,58,43.53,37,85,35,Y2015
157,157,Gary Woodland,81,43.27,45,104,40,Y2015
158,158,Russell Knox,96,43.12,47,109,37,Y2015
159,159,Tom Hoge,83,42.86,45,105,39,Y2015
160,160,Robert Garrigus,70,42.7,38,89,36,Y2015
161,161,Charles Howell III,105,42.42,56,132,40,Y2015
162,162,Robert Allenby,63,42.35,36,85,32,Y2015
163,163,Bo Van Pelt,81,42.34,47,111,48,Y2015
164,164,Ángel Cabrera,53,42.06,45,107,48,Y2015
T165,T165,Jason Dufner,76,41.73,53,127,58,Y2015
T165,T165,Hudson Swafford,97,41.73,53,127,46,Y2015
167,167,Alex Prugh,84,41.51,44,106,40,Y2015
168,168,Geoff Ogilvy,50,41.33,31,75,26,Y2015
169,169,Jim Renner,68,41.11,37,90,46,Y2015
170,170,Charlie Beljan,76,40.94,52,127,54,Y2015
171,171,John Merrick,78,40.78,42,103,37,Y2015
172,172,Derek Ernst,75,40.57,43,106,46,Y2015
173,173,J.J. Henry,94,40.19,43,107,38,Y2015
174,174,Fabián Gómez,83,39.84,49,123,53,Y2015
175,175,Patrick Rodgers,57,39.56,36,91,40,Y2015
176,176,Spencer Levin,99,39.2,49,125,46,Y2015
177,177,David Hearn,97,38.97,53,136,69,Y2015
178,178,Dustin Johnson,75,38.6,44,114,51,Y2015
179,179,Paul Casey,87,38.46,45,117,49,Y2015
180,180,Max Homa,78,38.4,48,125,59,Y2015
T181,T181,Scott Piercy,90,37.5,48,128,47,Y2015
T181,T181,Chez Reavie,56,37.5,27,72,30,Y2015
183,183,Davis Love III,51,37.35,31,83,32,Y2015
184,184,Andrew Svoboda,80,37.17,42,113,54,Y2015
1,1,Bill Haas,107,62.15,110,177,27,Y2014
2,2,Mike Weir,69,61.95,70,113,33,Y2014
3,3,Vijay Singh,83,61.36,81,132,40,Y2014
4,4,Phil Mickelson,71,61.27,87,142,35,Y2014
5,5,Charlie Wi,72,61.02,72,118,26,Y2014
6,6,Tim Clark,75,60.98,75,123,43,Y2014
7,7,Justin Leonard,75,60.58,83,137,47,Y2014
8,8,Seung-Yul Noh,92,60.28,85,141,33,Y2014
9,9,Jonas Blixt,64,59.29,67,113,31,Y2014
T10,T10,Brian Gay,81,59.18,87,147,56,Y2014
T10,T10,Heath Slocum,71,59.18,58,98,21,Y2014
12,12,Retief Goosen,94,59.15,84,142,37,Y2014
13,13,John Senden,99,59.01,95,161,36,Y2014
14,14,Patrick Reed,92,58.97,92,156,55,Y2014
15,15,Brendon Todd,108,58.24,106,182,60,Y2014
16,16,Justin Rose,70,58.16,57,98,17,Y2014
17,17,Greg Chalmers,85,58.08,97,167,65,Y2014
18,18,Chris Kirk,105,57.89,99,171,35,Y2014
19,19,Jordan Spieth,102,57.64,117,203,54,Y2014
20,20,Jason Day,54,57.3,51,89,16,Y2014
21,21,Marc Leishman,81,56.94,82,144,46,Y2014
T22,T22,Morgan Hoffmann,103,56.89,95,167,47,Y2014
T22,T22,Kevin Na,94,56.89,95,167,48,Y2014
24,24,Richard Lee,80,56.83,79,139,43,Y2014
25,25,Chad Collins,78,56.52,78,138,44,Y2014
26,26,Sergio Garcia,61,56.36,62,110,12,Y2014
T27,T27,Gonzalo Fernandez-Castaño,83,56.34,80,142,44,Y2014
T27,T27,Matt Kuchar,91,56.34,80,142,36,Y2014
29,29,Brian Davis,93,56.22,104,185,67,Y2014
30,30,James Driscoll,71,55.97,75,134,43,Y2014
31,31,Scott Langley,95,55.63,84,151,54,Y2014
32,32,Charles Howell III,106,55.32,78,141,35,Y2014
33,33,Russell Knox,92,55.2,69,125,37,Y2014
34,34,Tim Wilkinson,86,55.07,76,138,56,Y2014
35,35,David Hearn,97,54.88,90,164,51,Y2014
36,36,Charl Schwartzel,64,54.78,63,115,30,Y2014
37,37,"Ted Potter, Jr.",68,54.7,64,117,29,Y2014
38,38,Bryce Molder,77,54.62,65,119,44,Y2014
39,39,Sangmoon Bae,76,54.61,77,141,31,Y2014
T40,T40,Aaron Baddeley,74,54.41,74,136,51,Y2014
T40,T40,Ben Crane,81,54.41,74,136,53,Y2014
42,42,John Huh,87,54.33,69,127,48,Y2014
43,43,Hunter Mahan,88,54.32,88,162,51,Y2014
44,44,K.J. Choi,80,54.3,82,151,54,Y2014
45,45,Ryan Palmer,85,53.89,90,167,39,Y2014
46,46,Tyrone Van Aswegen,79,53.78,64,119,37,Y2014
T47,T47,Jason Dufner,57,53.76,50,93,28,Y2014
T47,T47,Graeme McDowell,66,53.76,50,93,33,Y2014
49,49,Adam Scott,68,53.66,66,123,31,Y2014
50,50,Webb Simpson,87,53.62,74,138,42,Y2014
51,51,Steven Bowditch,93,53.61,89,166,57,Y2014
52,52,Graham DeLaet,80,53.45,62,116,34,Y2014
53,53,Andres Romero,81,53.33,72,135,41,Y2014
54,54,Zach Johnson,97,53.25,82,154,46,Y2014
55,55,Troy Merritt,62,53.19,50,94,25,Y2014
56,56,Hideki Matsuyama,82,53.06,78,147,37,Y2014
57,57,Stuart Appleby,92,53.01,88,166,63,Y2014
58,58,Martin Kaymer,65,52.63,60,114,23,Y2014
T59,T59,Spencer Levin,59,52.53,52,99,32,Y2014
T59,T59,Mark Wilson,69,52.53,52,99,36,Y2014
61,61,Sean O'Hair,77,52.5,84,160,45,Y2014
62,62,Billy Hurley III,86,52.34,67,128,43,Y2014
63,63,Brooks Koepka,56,52.33,45,86,34,Y2014
64,64,Martin Flores,85,52.31,68,130,41,Y2014
65,65,Cameron Tringale,111,52.2,95,182,60,Y2014
66,66,Josh Teater,90,52.17,72,138,52,Y2014
67,67,Chris Stroud,88,52.14,73,140,40,Y2014
68,68,D.A. Points,75,52.07,63,121,38,Y2014
69,69,Dustin Johnson,58,51.96,53,102,19,Y2014
70,70,Rickie Fowler,91,51.95,80,154,39,Y2014
71,71,Brian Harman,111,51.81,86,166,47,Y2014
72,72,Briny Baird,50,51.76,44,85,32,Y2014
73,73,Luke Donald,57,51.4,55,107,48,Y2014
74,74,Ken Duke,80,51.24,62,121,40,Y2014
T75,T75,Stewart Cink,91,51.11,69,135,48,Y2014
T75,T75,Luke Guthrie,85,51.11,69,135,51,Y2014
T75,T75,Bronson La'Cassie,51,51.11,46,90,31,Y2014
78,78,Brian Stuard,91,51.05,73,143,52,Y2014
79,79,Matt Every,85,51.01,76,149,62,Y2014
T80,T80,Kevin Chappell,100,50.97,79,155,45,Y2014
T80,T80,Brice Garnett,92,50.97,79,155,63,Y2014
82,82,Ryo Ishikawa,75,50.91,56,110,38,Y2014
83,83,D.H. Lee,54,50.89,57,112,45,Y2014
84,84,Ben Martin,80,50.79,64,126,29,Y2014
85,85,Camilo Villegas,95,50.72,70,138,52,Y2014
86,86,Bud Cauley,56,50.68,37,73,15,Y2014
87,87,Jeff Maggert,54,50.59,43,85,38,Y2014
88,88,Troy Matteson,62,50.57,44,87,35,Y2014
89,89,Andrew Loupe,65,50.44,57,113,38,Y2014
T90,T90,Keegan Bradley,89,50.4,63,125,40,Y2014
T90,T90,Michael Thompson,74,50.4,63,125,39,Y2014
92,92,Trevor Immelman,84,50.35,72,143,44,Y2014
93,93,Jerry Kelly,80,50.34,75,149,46,Y2014
T94,T94,Jim Furyk,84,50,55,110,39,Y2014
T94,T94,Jimmy Walker,98,50,85,170,56,Y2014
96,96,Michael Putnam,106,49.7,83,167,44,Y2014
97,97,Jason Bohn,81,49.64,68,137,64,Y2014
98,98,Lee Westwood,57,49.53,53,107,48,Y2014
99,99,Chad Campbell,57,49.25,33,67,21,Y2014
100,100,Brendan Steele,89,49.24,65,132,49,Y2014
101,101,Will MacKenzie,82,49.23,64,130,53,Y2014
T102,T102,Freddie Jacobson,91,49.06,78,159,56,Y2014
T102,T102,Jason Kokrak,65,49.06,52,106,37,Y2014
T104,T104,Ricky Barnes,92,48.98,72,147,53,Y2014
T104,T104,Paul Casey,56,48.98,48,98,34,Y2014
106,106,Rory Sabbatini,82,48.92,68,139,41,Y2014
107,107,Brad Fritsch,50,48.91,45,92,39,Y2014
108,108,James Hahn,82,48.85,64,131,52,Y2014
109,109,Ian Poulter,57,48.76,59,121,46,Y2014
110,110,Geoff Ogilvy,84,48.63,71,146,56,Y2014
111,111,Roberto Castro,76,48.55,67,138,56,Y2014
112,112,Willy Wilcox,51,48.53,33,68,15,Y2014
113,113,Jamie Lovemark,64,48.51,49,101,32,Y2014
114,114,David Lingmerth,80,48.46,63,130,59,Y2014
115,115,Y.E. Yang,79,48.37,74,153,56,Y2014
116,116,Ernie Els,85,48.33,87,180,57,Y2014
117,117,Brandt Snedeker,89,48.3,71,147,46,Y2014
118,118,George McNeill,79,48.18,66,137,49,Y2014
119,119,Russell Henley,92,48.1,76,158,78,Y2014
120,120,Erik Compton,88,48.03,73,152,63,Y2014
T121,T121,Robert Allenby,83,47.79,65,136,54,Y2014
T121,T121,Ryan Moore,86,47.79,65,136,57,Y2014
123,123,Rory McIlroy,66,47.5,57,120,33,Y2014
124,124,Harris English,95,47.41,64,135,45,Y2014
T125,T125,Ben Curtis,77,47.37,54,114,52,Y2014
T125,T125,Pat Perez,84,47.37,54,114,47,Y2014
127,127,Shawn Stefani,60,47,47,100,42,Y2014
128,128,Carl Pettersson,91,46.91,76,162,51,Y2014
129,129,Chesson Hadley,84,46.71,71,152,62,Y2014
130,130,Jeff Overton,80,46.56,61,131,42,Y2014
131,131,J.B. Holmes,86,46.55,81,174,70,Y2014
132,132,Scott Brown,100,46.36,70,151,60,Y2014
133,133,William McGirt,96,46.02,81,176,82,Y2014
134,134,Charley Hoffman,93,45.71,64,140,59,Y2014
135,135,Robert Garrigus,80,45.6,57,125,43,Y2014
136,136,Martin Laird,66,45.36,44,97,30,Y2014
137,137,Billy Horschel,92,45.08,55,122,50,Y2014
138,138,Henrik Stenson,56,44.9,44,98,36,Y2014
139,139,John Rollins,84,44.8,56,125,57,Y2014
140,140,Bo Van Pelt,83,44.78,60,134,49,Y2014
141,141,Scott Stallings,77,44.72,55,123,56,Y2014
142,142,Brendon de Jonge,109,44.66,92,206,90,Y2014
T143,T143,Nicholas Thompson,85,44.44,60,135,51,Y2014
T143,T143,David Toms,64,44.44,36,81,36,Y2014
145,145,Kyle Stanley,87,44.14,64,145,54,Y2014
146,146,Louis Oosthuizen,50,44.12,30,68,31,Y2014
147,147,Davis Love III,74,44.04,48,109,49,Y2014
148,148,Robert Streb,75,43.97,51,116,51,Y2014
149,149,Justin Hicks,103,43.88,61,139,68,Y2014
150,150,Jhonattan Vegas,77,43.69,45,103,41,Y2014
151,151,Danny Lee,84,43.59,51,117,47,Y2014
152,152,Jonathan Byrd,76,43.51,57,131,46,Y2014
153,153,Boo Weekley,73,43.48,50,115,41,Y2014
154,154,Hudson Swafford,75,43.27,45,104,45,Y2014
155,155,Kevin Streelman,79,43.17,60,139,64,Y2014
156,156,Kevin Stadler,90,42.75,59,138,63,Y2014
157,157,Daniel Summerhays,98,42.42,70,165,53,Y2014
158,158,Johnson Wagner,69,42.27,41,97,45,Y2014
159,159,Matt Jones,83,41.83,64,153,56,Y2014
160,160,Bubba Watson,76,41.8,51,122,39,Y2014
161,161,Gary Woodland,93,41.04,71,173,70,Y2014
162,162,Jim Herman,62,40.91,36,88,32,Y2014
163,163,Kevin Kisner,85,40.31,52,129,62,Y2014
164,164,Tommy Gainey,73,40.15,53,132,62,Y2014
165,165,Wes Roach,67,39.58,38,96,37,Y2014
166,166,Jim Renner,61,38.83,40,103,47,Y2014
T167,T167,Charlie Beljan,76,38.53,42,109,54,Y2014
T167,T167,Derek Ernst,80,38.53,42,109,58,Y2014
169,169,Woody Austin,63,38.04,35,92,49,Y2014
170,170,Lucas Glover,68,37.78,34,90,58,Y2014
171,171,Nick Watney,80,37.76,37,98,43,Y2014
172,172,Ángel Cabrera,69,37.17,42,113,49,Y2014
173,173,J.J. Henry,91,36.78,32,87,48,Y2014
174,174,Andrew Svoboda,77,36.67,33,90,37,Y2014
175,175,John Merrick,87,36.44,43,118,62,Y2014
176,176,John Peterson,62,36.08,35,97,44,Y2014
177,177,Kevin Tway,64,34.07,31,91,51,Y2014
